position,age
4,6.296
4.0111555777888945,6.296847823911956
4.022311155577789,6.297695647823912
4.033466733366684,6.298543471735869
4.044622311155578,6.299391295647824
4.055777888944473,6.30023911955978
4.066933466733366,6.301086943471736
4.078089044522261,6.301934767383692
4.089244622311155,6.302782591295648
4.10040020010005,6.303630415207604
4.111555777888944,6.30447823911956
4.122711355677839,6.305326063031516
4.1338669334667335,6.306173886943472
4.145022511255628,6.307021710855428
4.156178089044523,6.307869534767384
4.167333666833417,6.30871735867934
4.178489244622311,6.309565182591296
4.189644822411205,6.310413006503252
4.2008004002001,6.311260830415208
4.211955977988994,6.312108654327163
4.223111555777889,6.31295647823912
4.234267133566783,6.313804302151076
4.245422711355678,6.314652126063032
4.2565782891445725,6.3154999499749875
4.267733866933467,6.316347773886943
4.2788894447223615,6.3171955977989
4.290045022511256,6.318043421710856
4.30120060030015,6.318891245622812
4.312356178089044,6.3197390695347675
4.323511755877939,6.320586893446723
4.334667333666833,6.32143471735868
4.345822911455728,6.322282541270636
4.356978489244622,6.323130365182592
4.368134067033517,6.3239781890945475
4.3792896448224115,6.324826013006503
4.390445222611306,6.325673836918459
4.4016008004002005,6.326521660830416
4.412756378189094,6.327369484742372
4.423911955977989,6.328217308654327
4.435067533766883,6.329065132566283
4.446223111555778,6.329912956478239
4.457378689344672,6.330760780390196
4.468534267133567,6.3316086043021516
4.479689844922461,6.332456428214107
4.490845422711356,6.333304252126063
4.50200100050025,6.334152076038019
4.513156578289145,6.334999899949976
4.5243121560780395,6.3358477238619315
4.535467733866933,6.336695547773887
4.546623311655828,6.337543371685843
4.557778889444722,6.338391195597799
4.568934467233617,6.339239019509755
4.580090045022511,6.3400868434217115
4.591245622811406,6.340934667333667
4.6024012006003,6.341782491245623
4.613556778389195,6.342630315157579
4.624712356178089,6.343478139069535
4.635867933966983,6.3443259629814905
4.647023511755878,6.345173786893447
4.658179089544772,6.346021610805403
4.669334667333667,6.346869434717359
4.680490245122561,6.347717258629315
4.691645822911456,6.3485650825412705
4.70280140070035,6.349412906453227
4.713956978489245,6.350260730365183
4.725112556278139,6.351108554277139
4.736268134067034,6.351956378189095
4.747423711855928,6.3528042021010505
4.758579289644823,6.353652026013007
4.7697348674337166,6.354499849924963
4.780890445222611,6.355347673836919
4.792046023011506,6.356195497748875
4.8032016008004,6.35704332166083
4.814357178589295,6.357891145572786
4.825512756378189,6.358738969484743
4.836668334167084,6.359586793396699
4.847823911955978,6.360434617308655
4.858979489744873,6.36128244122061
4.8701350675337665,6.362130265132566
4.881290645322661,6.362978089044523
4.8924462231115555,6.363825912956479
4.90360180090045,6.3646737368684345
4.914757378689345,6.36552156078039
4.925912956478239,6.366369384692346
4.937068534267134,6.367217208604303
4.948224112056028,6.368065032516259
4.959379689844923,6.3689128564282145
4.970535267633817,6.36976068034017
4.981690845422712,6.370608504252126
4.992846423211606,6.371456328164082
5.004002001000501,6.372304152076039
5.0151575787893945,6.373151975987994
5.026313156578289,6.37399979989995
5.037468734367184,6.374847623811906
5.048624312156078,6.375695447723862
5.059779889944973,6.376543271635819
5.070935467733867,6.377391095547774
5.082091045522762,6.37823891945973
5.093246623311655,6.379086743371686
5.10440220110055,6.379934567283642
5.115557778889444,6.380782391195598
5.126713356678339,6.381630215107554
5.1378689344672335,6.38247803901951
5.149024512256128,6.383325862931466
5.1601800900450225,6.384173686843422
5.171335667833917,6.385021510755378
5.182491245622812,6.385869334667334
5.193646823411706,6.38671715857929
5.204802401200601,6.387564982491246
5.215957978989495,6.388412806403202
5.22711355677839,6.389260630315158
5.238269134567284,6.390108454227114
5.249424712356178,6.39095627813907
5.2605802901450724,6.391804102051026
5.271735867933967,6.392651925962982
5.2828914457228615,6.3934997498749375
5.294047023511756,6.394347573786893
5.305202601300651,6.39519539769885
5.316358179089545,6.396043221610806
5.327513756878439,6.396891045522762
5.338669334667333,6.3977388694347175
5.349824912456228,6.398586693346673
5.360980490245122,6.39943451725863
5.372136068034017,6.400282341170586
5.383291645822911,6.401130165082542
5.394447223611806,6.401977988994497
5.4056028014007005,6.402825812906453
5.416758379189595,6.403673636818409
5.4279139569784896,6.404521460730366
5.439069534767384,6.405369284642322
5.450225112556279,6.406217108554277
5.461380690345173,6.407064932466233
5.472536268134067,6.407912756378189
5.483691845922961,6.408760580290146
5.494847423711856,6.4096084042021015
5.50600300150075,6.410456228114057
5.517158579289645,6.411304052026013
5.5283141570785395,6.412151875937969
5.539469734867434,6.412999699849926
5.5506253126563285,6.4138475237618815
5.561780890445222,6.414695347673837
5.572936468234117,6.415543171585793
5.584092046023011,6.416390995497749
5.595247623811906,6.417238819409705
5.6064032016008,6.4180866433216615
5.617558779389695,6.418934467233617
5.628714357178589,6.419782291145573
5.639869934967484,6.420630115057529
5.651025512756378,6.421477938969485
5.662181090545273,6.422325762881441
5.6733366683341675,6.423173586793397
5.684492246123062,6.424021410705353
5.695647823911957,6.424869234617309
5.70680340170085,6.425717058529265
5.717958979489745,6.4265648824412205
5.729114557278639,6.427412706353177
5.740270135067534,6.428260530265133
5.751425712856428,6.429108354177089
5.762581290645323,6.429956178089045
5.773736868434217,6.430804002001
5.784892446223112,6.431651825912957
5.796048024012006,6.432499649824913
5.8072036018009,6.433347473736869
5.818359179589795,6.434195297648825
5.829514757378689,6.43504312156078
5.840670335167584,6.435890945472736
5.851825912956478,6.436738769384693
5.862981490745373,6.437586593296649
5.874137068534267,6.4384344172086045
5.885292646323162,6.43928224112056
5.896448224112056,6.440130065032516
5.907603801900951,6.440977888944473
5.9187593796898454,6.441825712856429
5.92991495747874,6.4426735367683845
5.941070535267634,6.44352136068034
5.952226113056528,6.444369184592296
5.963381690845423,6.445217008504253
5.974537268634317,6.446064832416209
5.985692846423212,6.4469126563281645
5.996848424212106,6.44776048024012
6.008004002001001,6.448608304152076
6.0191595797898945,6.449456128064032
6.030315157578789,6.450303951975989
6.0414707353676835,6.451151775887944
6.052626313156578,6.4519995997999
6.063781890945473,6.452847423711856
6.074937468734367,6.453695247623812
6.086093046523262,6.454543071535769
6.097248624312156,6.455390895447724
6.108404202101051,6.45623871935968
6.119559779889945,6.457086543271636
6.13071535767884,6.457934367183592
6.141870935467734,6.458782191095548
6.153026513256629,6.459630015007504
6.164182091045523,6.46047783891946
6.175337668834418,6.461325662831416
6.186493246623312,6.462173486743372
6.197648824412206,6.463021310655328
6.208804402201101,6.463869134567284
6.219959979989995,6.46471695847924
6.23111555777889,6.465564782391196
6.242271135567784,6.466412606303152
6.253426713356678,6.4672604302151075
6.264582291145572,6.468108254127063
6.275737868934467,6.46895607803902
6.2868934467233615,6.469803901950976
6.298049024512256,6.470651725862932
6.3092046023011505,6.4714995497748875
6.320360180090045,6.472347373686843
6.33151575787894,6.4731951975988
6.342671335667834,6.474043021510756
6.353826913456729,6.474890845422712
6.364982491245623,6.4757386693346675
6.376138069034518,6.476586493246623
6.387293646823412,6.47743431715858
6.398449224612307,6.478282141070536
6.409604802401201,6.479129964982492
6.420760380190095,6.479977788894447
6.4319159579789895,6.480825612806403
6.443071535767884,6.481673436718359
6.454227113556779,6.482521260630316
6.465382691345673,6.483369084542272
6.476538269134568,6.484216908454227
6.487693846923461,6.485064732366183
6.498849424712356,6.485912556278139
6.51000500250125,6.486760380190096
6.521160580290145,6.4876082041020515
6.532316158079039,6.488456028014007
6.543471735867934,6.489303851925963
6.5546273136568285,6.490151675837919
6.565782891445723,6.490999499749876
6.576938469234618,6.4918473236618315
6.588094047023512,6.492695147573787
6.599249624812407,6.493542971485743
6.610405202601301,6.494390795397699
6.621560780390196,6.495238619309655
6.63271635817909,6.496086443221611
6.643871935967985,6.496934267133567
6.655027513756878,6.497782091045523
6.666183091545773,6.498629914957479
6.6773386693346675,6.499477738869435
6.688494247123562,6.500325562781391
6.6996498249124565,6.501173386693347
6.71080540270135,6.502021210605303
6.721960980490245,6.502869034517259
6.733116558279139,6.503716858429215
6.744272136068034,6.5045646823411705
6.755427713856928,6.505412506253127
6.766583291645823,6.506260330165083
6.777738869434717,6.507108154077039
6.788894447223612,6.507955977988995
6.800050025012506,6.50880380190095
6.811205602801401,6.509651625812907
6.8223611805902955,6.510499449724863
6.83351675837919,6.511347273636819
6.844672336168085,6.512195097548775
6.855827913956979,6.51304292146073
6.866983491745874,6.513890745372687
6.878139069534768,6.514738569284643
6.889294647323662,6.515586393196599
6.900450225112556,6.5164342171085545
6.911605802901451,6.51728204102051
6.922761380690345,6.518129864932466
6.93391695847924,6.518977688844423
6.945072536268134,6.519825512756379
6.956228114057028,6.5206733366683345
6.967383691845923,6.52152116058029
6.978539269634817,6.522368984492246
6.989694847423712,6.523216808404202
7.000850425212606,6.524064632316159
7.012006003001501,6.5249124562281144
7.023161580790395,6.52576028014007
7.03431715857929,6.526608104052026
7.045472736368184,6.527455927963982
7.056628314157079,6.528303751875939
7.0677838919459735,6.529151575787894
7.078939469734868,6.52999939969985
7.0900950475237625,6.530847223611806
7.101250625312657,6.531695047523762
7.112406203101552,6.5325428714357185
7.123561780890445,6.533390695347674
7.13471735867934,6.53423851925963
7.145872936468234,6.535086343171586
7.157028514257129,6.535934167083542
7.168184092046023,6.5367819909954985
7.179339669834917,6.537629814907454
7.1904952476238115,6.53847763881941
7.201650825412706,6.539325462731366
7.212806403201601,6.540173286643322
7.223961980990495,6.541021110555278
7.23511755877939,6.541868934467234
7.246273136568284,6.54271675837919
7.257428714357179,6.543564582291146
7.268584292146073,6.544412406203102
7.279739869934968,6.5452602301150575
7.290895447723862,6.546108054027014
7.302051025512757,6.54695587793897
7.313206603301651,6.547803701850926
7.324362181090546,6.548651525762882
7.3355177588794405,6.5494993496748375
7.346673336668335,6.550347173586793
7.357828914457229,6.55119499749875
7.368984492246123,6.552042821410706
7.380140070035018,6.552890645322662
7.391295647823912,6.5537384692346174
7.402451225612807,6.554586293146573
7.4136068034017,6.55543411705853
7.424762381190595,6.556281940970486
7.4359179589794895,6.557129764882442
7.447073536768384,6.557977588794397
7.4582291145572785,6.558825412706353
7.469384692346173,6.559673236618309
7.480540270135068,6.560521060530266
7.491695847923962,6.5613688844422215
7.502851425712857,6.562213666833417
7.514007003501751,6.5630495914623985
7.525162581290646,6.563885516091379
7.53631815907954,6.56472144072036
7.547473736868435,6.565557365349342
7.558629314657329,6.566393289978323
7.569784892446224,6.567229214607304
7.580940470235118,6.568065139236285
7.592096048024012,6.568901063865266
7.603251625812907,6.569736988494247
7.614407203601801,6.570572913123229
7.625562781390696,6.57140883775221
7.63671835917959,6.572244762381191
7.647873936968484,6.573080687010172
7.659029514757378,6.573916611639153
7.670185092546273,6.574752536268134
7.681340670335167,6.575588460897116
7.692496248124062,6.576424385526097
7.7036518259129565,6.5772603101550775
7.714807403701851,6.578096234784059
7.725962981490746,6.57893215941304
7.73711855927964,6.579768084042021
7.748274137068535,6.580604008671003
7.759429714857429,6.581439933299984
7.770585292646324,6.582275857928964
7.781740870435218,6.583111782557946
7.792896448224113,6.583947707186927
7.804052026013007,6.584783631815908
7.815207603801902,6.58561955644489
7.8263631815907955,6.5864554810738705
7.83751875937969,6.587291405702851
7.8486743371685845,6.588127330331833
7.859829914957479,6.588963254960814
7.870985492746374,6.589799179589795
7.882141070535267,6.5906351042187765
7.893296648324162,6.591471028847757
7.904452226113056,6.592306953476738
7.915607803901951,6.59314287810572
7.926763381690845,6.593978802734701
7.93791895947974,6.594814727363682
7.9490745372686344,6.595650651992663
7.960230115057529,6.596486576621644
7.9713856928464235,6.597322501250625
7.982541270635318,6.598158425879607
7.993696848424213,6.598994350508588
8.004852426213107,6.5998302751375695
8.016008004002002,6.60066619976655
8.027163581790894,6.601502124395531
8.038319159579789,6.602338049024512
8.049474737368683,6.603173973653494
8.060630315157578,6.604009898282475
8.071785892946473,6.6048458229114555
8.082941470735367,6.605681747540437
8.094097048524262,6.606517672169418
8.105252626313156,6.607353596798399
8.11640820410205,6.608189521427381
8.127563781890945,6.6090254460563616
8.13871935967984,6.609861370685343
8.149874937468734,6.610697295314324
8.161030515257629,6.611533219943305
8.172186093046523,6.612369144572287
8.183341670835418,6.613205069201268
8.194497248624312,6.6140409938302485
8.205652826413207,6.61487691845923
8.216808404202101,6.615712843088211
8.227963981990996,6.616548767717192
8.23911955977989,6.617384692346174
8.250275137568785,6.6182206169751545
8.26143071535768,6.619056541604135
8.272586293146574,6.619892466233117
8.283741870935469,6.620728390862098
8.294897448724363,6.621564315491079
8.306053026513258,6.622400240120061
8.317208604302152,6.623236164749041
8.328364182091047,6.624072089378022
8.339519759879941,6.624908014007004
8.350675337668836,6.625743938635985
8.36183091545773,6.626579863264966
8.372986493246623,6.6274157878939475
8.384142071035518,6.628251712522928
8.395297648824412,6.629087637151909
8.406453226613307,6.629923561780891
8.417608804402201,6.630759486409872
8.428764382191096,6.631595411038853
8.43991995997999,6.632431335667834
8.451075537768885,6.633267260296815
8.46223111555778,6.634103184925796
8.473386693346674,6.634939109554778
8.484542271135568,6.635775034183759
8.495697848924461,6.6366109588127395
8.506853426713356,6.637446883441721
8.51800900450225,6.638282808070702
8.529164582291145,6.639118732699683
8.54032016008004,6.639954657328665
8.551475737868934,6.640790581957646
8.562631315657828,6.6416265065866265
8.573786893446723,6.642462431215608
8.584942471235617,6.643298355844589
8.596098049024512,6.64413428047357
8.607253626813407,6.644970205102552
8.618409204602301,6.6458061297315325
8.629564782391196,6.646642054360513
8.64072036018009,6.647477978989495
8.651875937968985,6.648313903618476
8.66303151575788,6.649149828247458
8.674187093546774,6.649985752876439
8.685342671335668,6.650821677505419
8.696498249124563,6.651657602134401
8.707653826913457,6.652493526763382
8.718809404702352,6.653329451392363
8.729964982491246,6.654165376021345
8.741120560280141,6.6550013006503255
8.752276138069035,6.655837225279306
8.76343171585793,6.656673149908288
8.774587293646825,6.657509074537269
8.785742871435719,6.65834499916625
8.796898449224614,6.6591809237952315
8.808054027013508,6.660016848424212
8.819209604802403,6.660852773053193
8.830365182591297,6.661688697682175
8.84152076038019,6.662524622311156
8.852676338169085,6.663360546940137
8.863831915957979,6.664196471569118
8.874987493746874,6.665032396198099
8.886143071535768,6.66586832082708
8.897298649324663,6.666704245456062
8.908454227113557,6.667540170085043
8.919609804902452,6.668376094714024
8.930765382691346,6.669212019343005
8.94192096048024,6.670047943971986
8.953076538269135,6.670883868600967
8.964232116058028,6.671719793229949
8.975387693846923,6.67255571785893
8.986543271635817,6.6733916424879105
8.997698849424712,6.674227567116892
9.008854427213606,6.675063491745873
9.0200100050025,6.675899416374854
9.031165582791395,6.676735341003836
9.04232116058029,6.6775712656328166
9.053476738369184,6.678407190261797
9.064632316158079,6.679243114890779
9.075787893946973,6.68007903951976
9.086943471735868,6.680914964148741
9.098099049524762,6.681750888777723
9.109254627313657,6.6825868134067035
9.120410205102552,6.683422738035684
9.131565782891446,6.684258662664666
9.14272136068034,6.685094587293647
9.153876938469235,6.685930511922628
9.16503251625813,6.6867664365516095
9.176188094047024,6.68760236118059
9.187343671835919,6.688438285809571
9.198499249624813,6.689274210438553
9.209654827413708,6.690110135067534
9.220810405202602,6.690946059696515
9.231965982991497,6.691781984325496
9.243121560780391,6.692617908954477
9.254277138569286,6.693453833583459
9.26543271635818,6.69428975821244
9.276588294147075,6.695125682841421
9.28774387193597,6.6959616074704025
9.298899449724864,6.696797532099383
9.310055027513757,6.697633456728364
9.321210605302651,6.698469381357345
9.332366183091546,6.699305305986327
9.34352176088044,6.700141230615308
9.354677338669335,6.700977155244289
9.36583291645823,6.70181307987327
9.376988494247124,6.702649004502251
9.388144072036019,6.703484929131233
9.399299649824913,6.704320853760214
9.410455227613808,6.7051567783891945
9.4216108054027,6.705992703018175
9.432766383191595,6.706828627647157
9.44392196098049,6.707664552276138
9.455077538769384,6.708500476905119
9.466233116558278,6.709336401534101
9.477388694347173,6.7101723261630815
9.488544272136068,6.711008250792063
9.499699849924962,6.711844175421044
9.510855427713857,6.712680100050025
9.522011005502751,6.713516024679007
9.533166583291646,6.7143519493079875
9.54432216108054,6.715187873936968
9.555477738869435,6.71602379856595
9.56663331665833,6.716859723194931
9.577788894447224,6.717695647823912
9.588944472236118,6.718531572452894
9.600100050025013,6.719367497081874
9.611255627813907,6.720203421710855
9.622411205602802,6.721039346339837
9.633566783391696,6.721875270968818
9.644722361180591,6.722711195597799
9.655877938969486,6.7235471202267805
9.66703351675838,6.724383044855761
9.678189094547275,6.725218969484742
9.68934467233617,6.726054894113724
9.700500250125064,6.726890818742705
9.711655827913958,6.727726743371686
9.722811405702853,6.728562668000667
9.733966983491747,6.729398592629648
9.745122561280642,6.73023451725863
9.756278139069536,6.731070441887611
9.76743371685843,6.731906366516592
9.778589294647324,6.7327422911455725
9.789744872436218,6.733578215774554
9.800900450225113,6.734414140403535
9.812056028014007,6.735250065032516
9.823211605802902,6.736085989661498
9.834367183591796,6.736921914290479
9.84552276138069,6.7377578389194595
9.856678339169585,6.738593763548441
9.86783391695848,6.739429688177422
9.878989494747374,6.740265612806404
9.890145072536267,6.741101537435385
9.901300650325162,6.7419374620643655
9.912456228114056,6.742773386693346
9.92361180590295,6.743609311322328
9.934767383691845,6.744445235951309
9.94592296148074,6.74528116058029
9.957078539269634,6.746117085209272
9.968234117058529,6.746953009838252
9.979389694847423,6.747788934467233
9.990545272636318,6.748624859096215
10.001700850425213,6.749460783725196
10.012856428214107,6.750296708354178
10.024012006003002,6.7511326329831585
10.035167583791896,6.751968557612139
10.04632316158079,6.752804482241121
10.057478739369685,6.753640406870102
10.06863431715858,6.754476331499083
10.079789894947474,6.7553122561280645
10.090945472736369,6.756148180757045
10.102101050525263,6.756984105386026
10.113256628314158,6.757820030015008
10.124412206103052,6.758655954643989
10.135567783891947,6.75949187927297
10.146723361680841,6.760327803901951
10.157878939469736,6.761163728530932
10.16903451725863,6.761999653159913
10.180190095047525,6.762835577788895
10.19134567283642,6.763671502417876
10.202501250625314,6.764507427046857
10.213656828414209,6.765343351675838
10.224812406203103,6.766179276304819
10.235967983991998,6.7670152009338
10.24712356178089,6.767851125562782
10.258279139569785,6.768687050191763
10.26943471735868,6.7695229748207435
10.280590295147574,6.770358899449725
10.291745872936469,6.771194824078706
10.302901450725363,6.772030748707687
10.314057028514258,6.772866673336669
10.325212606303152,6.7737025979656496
10.336368184092047,6.77453852259463
10.347523761880941,6.775374447223612
10.358679339669834,6.776210371852593
10.369834917458729,6.777046296481574
10.380990495247623,6.777882221110556
10.392146073036518,6.7787181457395365
10.403301650825412,6.779554070368517
10.414457228614307,6.780389994997499
10.425612806403201,6.78122591962648
10.436768384192096,6.782061844255461
10.44792396198099,6.7828977688844425
10.459079539769885,6.783733693513423
10.47023511755878,6.784569618142404
10.481390695347674,6.785405542771386
10.492546273136568,6.786241467400367
10.503701850925463,6.787077392029348
10.514857428714357,6.787913316658329
10.526013006503252,6.78874924128731
10.537168584292147,6.789585165916291
10.548324162081041,6.790421090545273
10.559479739869936,6.791257015174254
10.57063531765883,6.792092939803235
10.581790895447725,6.792928864432216
10.59294647323662,6.793764789061197
10.604102051025514,6.794600713690179
10.615257628814408,6.79543663831916
10.626413206603303,6.796272562948141
10.637568784392197,6.797108487577122
10.648724362181092,6.797944412206103
10.659879939969986,6.798780336835084
10.671035517758881,6.799616261464066
10.682191095547775,6.800452186093047
10.69334667333667,6.8012881107220275
10.704502251125563,6.802124035351008
10.715657828914457,6.80295995997999
10.726813406703352,6.803795884608971
10.737968984492246,6.804631809237953
10.74912456228114,6.805467733866934
10.760280140070035,6.8063036584959145
10.77143571785893,6.807139583124896
10.782591295647824,6.807975507753877
10.793746873436719,6.808811432382858
10.804902451225614,6.80964735701184
10.816058029014508,6.8104832816408205
10.8272136068034,6.811319206269801
10.838369184592295,6.812155130898782
10.84952476238119,6.812991055527764
10.860680340170084,6.813826980156745
10.871835917958979,6.814662904785727
10.882991495747874,6.815498829414707
10.894147073536768,6.816334754043688
10.905302651325663,6.81717067867267
10.916458229114557,6.818006603301651
10.927613806903452,6.818842527930632
10.938769384692346,6.8196784525596135
10.94992496248124,6.820514377188594
10.961080540270135,6.821350301817575
10.97223611805903,6.822186226446557
10.983391695847924,6.823022151075538
10.994547273636819,6.823858075704519
11.005702851425713,6.8246940003335
11.016858429214608,6.825529924962481
11.028014007003502,6.826365849591462
11.039169584792397,6.827201774220444
11.050325162581291,6.828037698849425
11.061480740370186,6.8288736234784055
11.07263631815908,6.829709548107387
11.083791895947975,6.830545472736368
11.09494747373687,6.83138139736535
11.106103051525764,6.832217321994331
11.117258629314659,6.833053246623312
11.128414207103553,6.833889171252293
11.139569784892448,6.834725095881274
11.150725362681342,6.835561020510255
11.161880940470237,6.836396945139237
11.17303651825913,6.837232869768218
11.184192096048024,6.8380687943971985
11.195347673836919,6.838904719026179
11.206503251625813,6.839740643655161
11.217658829414708,6.840576568284142
11.228814407203602,6.841412492913124
11.239969984992497,6.8422484175421046
11.251125562781391,6.843084342171085
11.262281140570286,6.843920266800067
11.27343671835918,6.844756191429048
11.284592296148075,6.845592116058029
11.295747873936968,6.84642804068701
11.306903451725862,6.8472639653159915
11.318059029514757,6.848099889944972
11.329214607303651,6.848935814573953
11.340370185092546,6.849771739202935
11.35152576288144,6.850607663831916
11.362681340670335,6.8514435884608975
11.37383691845923,6.852279513089878
11.384992496248124,6.853115437718859
11.396148074037018,6.853951362347841
11.407303651825913,6.854787286976822
11.418459229614808,6.855623211605803
11.429614807403702,6.856459136234784
11.440770385192597,6.857295060863765
11.451925962981491,6.858130985492746
11.463081540770386,6.858966910121728
11.47423711855928,6.859802834750709
11.485392696348175,6.86063875937969
11.49654827413707,6.861474684008671
11.507703851925964,6.862310608637652
11.518859429714858,6.863146533266633
11.530015007503753,6.863982457895615
11.541170585292647,6.864818382524596
11.552326163081542,6.8656543071535765
11.563481740870436,6.866490231782558
11.574637318659331,6.867326156411539
11.585792896448226,6.86816208104052
11.59694847423712,6.868998005669502
11.608104052026015,6.8698339302984825
11.61925962981491,6.870669854927463
11.630415207603804,6.871505779556445
11.641570785392696,6.872341704185426
11.652726363181591,6.873177628814407
11.663881940970485,6.874013553443389
11.67503751875938,6.8748494780723695
11.686193096548275,6.87568540270135
11.697348674337169,6.876521327330332
11.708504252126064,6.877357251959313
11.719659829914958,6.878193176588294
11.730815407703853,6.8790291012172755
11.741970985492747,6.879865025846256
11.75312656328164,6.880700950475237
11.764282141070534,6.881536875104219
11.775437718859429,6.8823727997332
11.786593296648324,6.883208724362181
11.797748874437218,6.884044648991162
11.808904452226113,6.884880573620143
11.820060030015007,6.885716498249124
11.831215607803902,6.886552422878106
11.842371185592796,6.887388347507087
11.85352676338169,6.888224272136068
11.864682341170585,6.889060196765049
11.87583791895948,6.88989612139403
11.886993496748374,6.890732046023011
11.898149074537269,6.891567970651993
11.909304652326163,6.892403895280974
11.920460230115058,6.8932398199099545
11.931615807903952,6.894075744538936
11.942771385692847,6.894911669167917
11.953926963481742,6.895747593796899
11.965082541270636,6.89658351842588
11.97623811905953,6.8974194430548605
11.987393696848425,6.898255367683842
11.99854927463732,6.899091292312823
12.009704852426214,6.899927216941804
12.020860430215109,6.900763141570786
12.032016008004003,6.901599066199767
12.043171585792896,6.9024349908287475
12.05432716358179,6.903270915457728
12.065482741370685,6.90410684008671
12.07663831915958,6.904942764715691
12.087793896948474,6.905778689344672
12.098949474737369,6.9066146139736535
12.110105052526263,6.907450538602634
12.121260630315158,6.908286463231616
12.132416208104052,6.909122387860597
12.143571785892947,6.909958312489578
12.154727363681841,6.91079423711856
12.165882941470736,6.91163016174754
12.17703851925963,6.912466086376521
12.188194097048525,6.913302011005503
12.19934967483742,6.914137935634484
12.210505252626314,6.914973860263465
12.221660830415209,6.9158097848924465
12.232816408204103,6.916645709521427
12.243971985992998,6.917481634150408
12.255127563781892,6.91831755877939
12.266283141570787,6.919153483408371
12.27743871935968,6.919989408037352
12.288594297148574,6.920825332666333
12.299749874937469,6.921661257295314
12.310905452726363,6.922497181924295
12.322061030515258,6.923333106553277
12.333216608304152,6.924169031182258
12.344372186093047,6.9250049558112385
12.355527763881941,6.92584088044022
12.366683341670836,6.926676805069201
12.37783891945973,6.927512729698182
12.388994497248625,6.928348654327164
12.40015007503752,6.929184578956145
12.411305652826414,6.9300205035851254
12.422461230615308,6.930856428214107
12.433616808404203,6.931692352843088
12.444772386193097,6.93252827747207
12.455927963981992,6.933364202101051
12.467083541770887,6.9342001267300315
12.478239119559781,6.935036051359013
12.489394697348676,6.935871975987994
12.50055027513757,6.936707900616975
12.511705852926463,6.937543825245956
12.522861430715357,6.9383797498749376
12.534017008504252,6.939215674503918
12.545172586293146,6.940051599132899
12.556328164082041,6.940887523761881
12.567483741870936,6.941723448390862
12.57863931965983,6.942559373019843
12.589794897448725,6.9433952976488245
12.60095047523762,6.944231222277805
12.612106053026514,6.945067146906787
12.623261630815408,6.945903071535768
12.634417208604303,6.946738996164749
12.645572786393197,6.9475749207937305
12.656728364182092,6.948410845422711
12.667883941970986,6.949246770051692
12.67903951975988,6.950082694680674
12.690195097548775,6.950918619309655
12.70135067533767,6.951754543938636
12.712506253126564,6.952590468567617
12.723661830915459,6.953426393196598
12.734817408704354,6.954262317825579
12.745972986493246,6.955098242454561
12.75712856428214,6.955934167083542
12.768284142071035,6.956770091712523
12.77943971985993,6.957606016341504
12.790595297648824,6.958441940970485
12.801750875437719,6.959277865599466
12.812906453226613,6.960113790228448
12.824062031015508,6.960949714857429
12.835217608804403,6.9617856394864095
12.846373186593297,6.962621564115391
12.857528764382192,6.963457488744372
12.868684342171086,6.964293413373353
12.87983991995998,6.965129338002335
12.890995497748875,6.9659652626313155
12.90215107553777,6.966801187260296
12.913306653326664,6.967637111889278
12.924462231115559,6.968473036518259
12.935617808904453,6.96930896114724
12.946773386693348,6.970144885776222
12.957928964482242,6.9709808104052025
12.969084542271137,6.971816735034183
12.98024012006003,6.972652659663165
12.991395697848924,6.973488584292146
13.002551275637819,6.974324508921127
13.013706853426713,6.9751604335501085
13.024862431215608,6.975996358179089
13.036018009004502,6.97683228280807
13.047173586793397,6.977668207437052
13.058329164582291,6.978504132066033
13.069484742371186,6.979340056695014
13.08064032016008,6.980175981323995
13.091795897948975,6.981011905952976
13.10295147573787,6.981847830581957
13.114107053526764,6.982683755210939
13.125262631315659,6.98351967983992
13.136418209104553,6.984355604468901
13.147573786893448,6.985191529097882
13.158729364682342,6.986027453726863
13.169884942471237,6.986863378355844
13.181040520260131,6.987699302984826
13.192196098049026,6.988535227613807
13.20335167583792,6.989371152242788
13.214507253626813,6.990207076871769
13.225662831415708,6.99104300150075
13.236818409204602,6.991878926129731
13.247973986993497,6.992714850758713
13.259129564782391,6.9935507753876935
13.270285142571286,6.994386700016674
13.28144072036018,6.995222624645656
13.292596298149075,6.996058549274637
13.30375187593797,6.996894473903618
13.314907453726864,6.9977303985326
13.326063031515758,6.9985663231615804
13.337218609304653,6.999402247790562
13.348374187093548,7.000238172419543
13.359529764882442,7.001074097048524
13.370685342671337,7.001910021677506
13.381840920460231,7.0027459463064865
13.392996498249126,7.003581870935467
13.40415207603802,7.004417795564449
13.415307653826915,7.00525372019343
13.42646323161581,7.006089644822411
13.437618809404704,7.0069255694513926
13.448774387193597,7.007761494080373
13.459929964982491,7.008597418709354
13.471085542771386,7.009433343338336
13.48224112056028,7.010269267967317
13.493396698349175,7.011105192596298
13.50455227613807,7.0119411172252795
13.515707853926964,7.01277704185426
13.526863431715858,7.013612966483241
13.538019009504753,7.014448891112223
13.549174587293647,7.015284815741204
13.560330165082542,7.016120740370185
13.571485742871436,7.016956664999166
13.582641320660331,7.017792589628147
13.593796898449225,7.018628514257128
13.60495247623812,7.01946443888611
13.616108054027015,7.020300363515091
13.627263631815909,7.0211362881440715
13.638419209604804,7.021972212773053
13.649574787393698,7.022808137402034
13.660730365182593,7.023644062031015
13.671885942971487,7.024479986659997
13.68304152076038,7.025315911288978
13.694197098549274,7.0261518359179584
13.705352676338169,7.02698776054694
13.716508254127064,7.027823685175921
13.727663831915958,7.028659609804902
13.738819409704853,7.029495534433884
13.749974987493747,7.0303314590628645
13.761130565282642,7.031167383691845
13.772286143071536,7.032003308320827
13.78344172086043,7.032839232949808
13.794597298649325,7.033675157578789
13.80575287643822,7.0345110822077705
13.816908454227114,7.035347006836751
13.828064032016009,7.036182931465732
13.839219609804903,7.037018856094714
13.850375187593798,7.037854780723695
13.861530765382692,7.038690705352677
13.872686343171587,7.0395266299816575
13.883841920960482,7.040362554610638
13.894997498749376,7.04119847923962
13.90615307653827,7.042034403868601
13.917308654327163,7.042870328497582
13.928464232116058,7.043706253126563
13.939619809904952,7.044542177755544
13.950775387693847,7.045378102384525
13.961930965482741,7.046214027013507
13.973086543271636,7.047049951642488
13.98424212106053,7.047885876271469
13.995397698849425,7.04872180090045
14.00655327663832,7.049557725529431
14.017708854427214,7.050393650158412
14.028864432216109,7.051229574787394
14.040020010005003,7.052065499416375
14.051175587793898,7.052901424045356
14.062331165582792,7.053737348674337
14.073486743371687,7.054573273303318
14.084642321160581,7.055409197932299
14.095797898949476,7.056245122561281
14.10695347673837,7.057081047190262
14.118109054527265,7.0579169718192425
14.12926463231616,7.058752896448224
14.140420210105054,7.059588821077205
14.151575787893947,7.060424745706186
14.162731365682841,7.061260670335168
14.173886943471736,7.0620965949641485
14.18504252126063,7.062932519593129
14.196198099049525,7.063768444222111
14.20735367683842,7.064604368851092
14.218509254627314,7.065440293480073
14.229664832416208,7.066276218109055
14.240820410205103,7.0671121427380355
14.251975987993998,7.067948067367016
14.263131565782892,7.068783991995998
14.274287143571787,7.069619916624979
14.285442721360681,7.07045584125396
14.296598299149576,7.0712917658829415
14.30775387693847,7.072127690511922
14.318909454727365,7.072963615140903
14.33006503251626,7.073799539769885
14.341220610305154,7.074635464398866
14.352376188094048,7.075471389027847
14.363531765882943,7.076307313656828
14.374687343671836,7.077143238285809
14.38584292146073,7.07797916291479
14.396998499249625,7.078815087543772
14.40815407703852,7.079651012172753
14.419309654827414,7.080486936801734
14.430465232616308,7.081322861430715
14.441620810405203,7.082158786059696
14.452776388194097,7.082994710688677
14.463931965982992,7.083830635317659
14.475087543771886,7.08466655994664
14.486243121560781,7.0855024845756205
14.497398699349676,7.086338409204602
14.50855427713857,7.087174333833583
14.519709854927465,7.088010258462564
14.530865432716359,7.088846183091546
14.542021010505254,7.0896821077205265
14.553176588294148,7.090518032349507
14.564332166083043,7.091353956978489
14.575487743871937,7.09218988160747
14.586643321660832,7.093025806236451
14.597798899449726,7.093861730865433
14.608954477238619,7.0946976554944134
14.620110055027514,7.095533580123394
14.631265632816408,7.096369504752376
14.642421210605303,7.097205429381357
14.653576788394197,7.098041354010338
14.664732366183092,7.0988772786393195
14.675887943971986,7.0997132032683
14.68704352176088,7.100549127897281
14.698199099549775,7.101385052526263
14.70935467733867,7.102220977155244
14.720510255127564,7.1030569017842256
14.731665832916459,7.103892826413206
14.742821410705353,7.104728751042187
14.753976988494248,7.105564675671169
14.765132566283143,7.10640060030015
14.776288144072037,7.107236524929131
14.787443721860932,7.1080724495581125
14.798599299649826,7.108908374187093
14.80975487743872,7.109744298816074
14.820910455227615,7.110580223445056
14.83206603301651,7.111416148074037
14.843221610805402,7.112252072703018
14.854377188594297,7.113087997331999
14.865532766383192,7.11392392196098
14.876688344172086,7.114759846589961
14.88784392196098,7.115595771218943
14.898999499749875,7.116431695847924
14.91015507753877,7.1172676204769045
14.921310655327664,7.118103545105886
14.932466233116559,7.118939469734867
14.943621810905453,7.119775394363848
14.954777388694348,7.12061131899283
14.965932966483242,7.121447243621811
14.977088544272137,7.122283168250791
14.988244122061031,7.123119092879773
14.999399699849926,7.123955017508754
15.01055527763882,7.124857088544272
15.021710855427715,7.12576292146073
15.03286643321661,7.126668754377189
15.044022011005504,7.127574587293647
15.055177588794399,7.128480420210105
15.066333166583293,7.1293862531265635
15.077488744372186,7.1302920860430214
15.08864432216108,7.131197918959479
15.099799899949975,7.132103751875937
15.11095547773887,7.133009584792396
15.122111055527764,7.133915417708854
15.133266633316659,7.134821250625312
15.144422211105553,7.135727083541771
15.155577788894448,7.136632916458229
15.166733366683342,7.137538749374687
15.177888944472237,7.138444582291145
15.189044522261131,7.139350415207604
15.200200100050026,7.140256248124062
15.21135567783892,7.14116208104052
15.222511255627815,7.1420679139569785
15.23366683341671,7.1429737468734364
15.244822411205604,7.143879579789894
15.255977988994498,7.144785412706353
15.267133566783393,7.145691245622811
15.278289144572287,7.146597078539269
15.289444722361182,7.147502911455728
15.300600300150077,7.148408744372186
15.31175587793897,7.149314577288644
15.322911455727864,7.150220410205102
15.334067033516758,7.151126243121561
15.345222611305653,7.152032076038019
15.356378189094547,7.152937908954477
15.367533766883442,7.1538437418709355
15.378689344672337,7.1547495747873935
15.389844922461231,7.1556554077038514
15.401000500250126,7.15656124062031
15.41215607803902,7.157467073536768
15.423311655827915,7.158372906453226
15.43446723361681,7.159278739369684
15.445622811405704,7.160184572286143
15.456778389194598,7.161090405202601
15.467933966983493,7.161996238119059
15.479089544772387,7.162902071035518
15.490245122561282,7.163807903951976
15.501400700350176,7.164713736868434
15.512556278139071,7.165619569784893
15.523711855927965,7.1665254027013505
15.53486743371686,7.1674312356178085
15.546023011505753,7.1683370685342664
15.557178589294647,7.169242901450725
15.568334167083542,7.170148734367183
15.579489744872436,7.171054567283641
15.59064532266133,7.1719604002001
15.601800900450225,7.172866233116558
15.61295647823912,7.173772066033016
15.624112056028014,7.174677898949475
15.635267633816909,7.175583731865933
15.646423211605804,7.176489564782391
15.657578789394698,7.177395397698849
15.668734367183593,7.178301230615308
15.679889944972487,7.1792070635317655
15.691045522761382,7.1801128964482235
15.702201100550276,7.181018729364682
15.71335667833917,7.18192456228114
15.724512256128065,7.182830395197598
15.73566783391696,7.183736228114057
15.746823411705854,7.184642061030515
15.757978989494749,7.185547893946973
15.769134567283643,7.186453726863432
15.780290145072536,7.18735955977989
15.79144572286143,7.188265392696348
15.802601300650325,7.189171225612806
15.81375687843922,7.190077058529265
15.824912456228114,7.190982891445723
15.836068034017009,7.1918887243621805
15.847223611805903,7.192794557278639
15.858379189594798,7.193700390195097
15.869534767383692,7.194606223111555
15.880690345172587,7.195512056028014
15.891845922961481,7.196417888944472
15.903001500750376,7.19732372186093
15.91415707853927,7.198229554777388
15.925312656328165,7.199135387693847
15.93646823411706,7.200041220610305
15.947623811905954,7.200947053526763
15.958779389694849,7.201852886443222
15.969934967483743,7.20275871935968
15.981090545272638,7.2036645522761376
15.992246123061532,7.204570385192596
16.003401700850425,7.205476218109054
16.01455727863932,7.206382051025512
16.025712856428214,7.20728788394197
16.03686843421711,7.208193716858429
16.048024012006003,7.209099549774887
16.059179589794898,7.210005382691345
16.070335167583792,7.210911215607804
16.081490745372687,7.211817048524262
16.09264632316158,7.21272288144072
16.103801900950476,7.213628714357179
16.11495747873937,7.214534547273637
16.126113056528265,7.215440380190095
16.13726863431716,7.2163462131065534
16.148424212106054,7.217252046023011
16.15957978989495,7.218157878939469
16.170735367683843,7.219063711855927
16.181890945472738,7.219969544772386
16.193046523261632,7.220875377688844
16.204202101050527,7.221781210605302
16.21535767883942,7.222687043521761
16.226513256628316,7.223592876438219
16.23766883441721,7.224498709354677
16.248824412206105,7.225404542271136
16.259979989994996,7.226310375187594
16.271135567783894,7.227216208104052
16.282291145572785,7.22812204102051
16.293446723361683,7.229027873936968
16.304602301150574,7.229933706853426
16.315757878939472,7.230839539769884
16.326913456728363,7.231745372686342
16.33806903451726,7.232651205602801
16.349224612306152,7.233557038519259
16.36038019009505,7.234462871435718
16.37153576788394,7.235368704352176
16.38269134567284,7.236274537268634
16.39384692346173,7.237180370185092
16.405002501250628,7.238086203101551
16.41615807903952,7.238992036018009
16.427313656828417,7.2398978689344675
16.43846923461731,7.2408037018509255
16.449624812406206,7.241709534767383
16.460780390195097,7.242615367683841
16.471935967983995,7.2435212006003
16.483091545772886,7.244427033516758
16.49424712356178,7.245332866433216
16.505402701350675,7.246238699349674
16.51655827913957,7.247144532266133
16.527713856928465,7.248050365182591
16.53886943471736,7.248956198099049
16.550025012506254,7.249862031015508
16.561180590295148,7.250767863931966
16.572336168084043,7.251673696848424
16.583491745872937,7.2525795297648825
16.59464732366183,7.2534853626813405
16.605802901450726,7.254391195597798
16.61695847923962,7.255297028514257
16.628114057028515,7.256202861430715
16.63926963481741,7.257108694347173
16.650425212606304,7.258014527263631
16.6615807903952,7.25892036018009
16.672736368184093,7.259826193096548
16.683891945972988,7.260732026013006
16.695047523761883,7.261637858929465
16.706203101550777,7.262543691845923
16.717358679339668,7.263449524762381
16.728514257128566,7.2643553576788396
16.739669834917457,7.2652611905952975
16.750825412706355,7.2661670235117555
16.761980990495246,7.267072856428213
16.773136568284144,7.267978689344672
16.784292146073035,7.26888452226113
16.795447723861933,7.269790355177589
16.806603301650824,7.270696188094046
16.817758879439722,7.271602021010505
16.828914457228613,7.272507853926963
16.84007003501751,7.273413686843422
16.851225612806402,7.27431951975988
16.8623811905953,7.275225352676338
16.87353676838419,7.276131185592796
16.88469234617309,7.2770370185092546
16.89584792396198,7.2779428514257125
16.90700350175088,7.278848684342171
16.91815907953977,7.279754517258629
16.929314657328668,7.280660350175087
16.94047023511756,7.281566183091545
16.951625812906453,7.282472016008004
16.962781390695348,7.283377848924462
16.973936968484242,7.28428368184092
16.985092546273137,7.285189514757378
16.99624812406203,7.286095347673837
17.007403701850926,7.287001180590295
17.01855927963982,7.287907013506753
17.029714857428715,7.288812846423212
17.04087043521761,7.2897186793396695
17.052026013006504,7.2906245122561275
17.0631815907954,7.291530345172586
17.074337168584293,7.292436178089044
17.085492746373188,7.293342011005502
17.096648324162082,7.294247843921961
17.107803901950977,7.295153676838419
17.11895947973987,7.296059509754877
17.130115057528766,7.296965342671335
17.14127063531766,7.297871175587794
17.152426213106555,7.298777008504252
17.16358179089545,7.29968284142071
17.17473736868434,7.300588674337168
17.18589294647324,7.301494507253627
17.19704852426213,7.3024003401700845
17.208204102051027,7.303306173086543
17.21935967983992,7.304212006003001
17.230515257628817,7.305117838919459
17.241670835417708,7.306023671835917
17.252826413206606,7.306929504752376
17.263981990995497,7.307835337668834
17.275137568784395,7.308741170585293
17.286293146573286,7.30964700350175
17.297448724362184,7.310552836418209
17.308604302151075,7.311458669334667
17.319759879939973,7.312364502251126
17.330915457728864,7.313270335167584
17.342071035517762,7.314176168084042
17.353226613306653,7.3150820010004995
17.36438219109555,7.315987833916958
17.375537768884442,7.316893666833416
17.38669334667334,7.317799499749875
17.39784892446223,7.318705332666333
17.409004502251126,7.319611165582791
17.42016008004002,7.320516998499249
17.431315657828915,7.321422831415708
17.44247123561781,7.322328664332166
17.453626813406704,7.323234497248624
17.464782391195598,7.324140330165082
17.475937968984493,7.325046163081541
17.487093546773387,7.325951995997999
17.49824912456228,7.326857828914457
17.509404702351176,7.327763661830915
17.52056028014007,7.328669494747373
17.531715857928965,7.329575327663831
17.54287143571786,7.33048116058029
17.554027013506754,7.331386993496748
17.56518259129565,7.332292826413206
17.576338169084543,7.333198659329665
17.587493746873438,7.334104492246123
17.598649324662333,7.335010325162581
17.609804902451227,7.33591615807904
17.62096048024012,7.336821990995498
17.632116058029016,7.337727823911956
17.64327163581791,7.338633656828414
17.6544272136068,7.339539489744872
17.6655827913957,7.34044532266133
17.67673836918459,7.341351155577788
17.68789394697349,7.342256988494247
17.69904952476238,7.343162821410705
17.710205102551278,7.344068654327163
17.72136068034017,7.344974487243621
17.732516258129067,7.34588032016008
17.743671835917958,7.346786153076538
17.754827413706856,7.347691985992997
17.765982991495747,7.348597818909455
17.777138569284645,7.349503651825913
17.788294147073536,7.350409484742371
17.799449724862434,7.3513153176588295
17.810605302651325,7.3522211505752875
17.821760880440223,7.353126983491745
17.832916458229114,7.354032816408203
17.844072036018012,7.354938649324662
17.855227613806903,7.35584448224112
17.8663831915958,7.356750315157579
17.877538769384692,7.357656148074037
17.888694347173587,7.358561980990495
17.89984992496248,7.359467813906953
17.911005502751376,7.360373646823412
17.92216108054027,7.36127947973987
17.933316658329165,7.362185312656328
17.94447223611806,7.3630911455727865
17.955627813906954,7.3639969784892445
17.96678339169585,7.3649028114057025
17.977938969484743,7.36580864432216
17.989094547273638,7.366714477238619
18.000250125062532,7.367620310155077
18.011405702851427,7.368526143071535
18.02256128064032,7.369431975987994
18.033716858429216,7.370337808904452
18.04487243621811,7.37124364182091
18.056028014007005,7.372149474737369
18.0671835917959,7.373055307653827
18.078339169584794,7.373961140570285
18.08949474737369,7.374866973486743
18.100650325162583,7.3757728064032015
18.111805902951474,7.3766786393196595
18.122961480740372,7.3775844722361175
18.134117058529263,7.378490305152575
18.14527263631816,7.379396138069034
18.156428214107052,7.380301970985492
18.16758379189595,7.381207803901951
18.17873936968484,7.382113636818409
18.18989494747374,7.383019469734867
18.20105052526263,7.383925302651325
18.21220610305153,7.384831135567784
18.22336168084042,7.385736968484242
18.234517258629317,7.386642801400701
18.24567283641821,7.387548634317159
18.256828414207106,7.3884544672336165
18.267983991995997,7.3893603001500745
18.279139569784896,7.390266133066533
18.290295147573786,7.391171965982991
18.301450725362685,7.392077798899449
18.312606303151576,7.392983631815907
18.323761880940474,7.393889464732366
18.334917458729365,7.394795297648824
18.34607303651826,7.395701130565282
18.357228614307154,7.396606963481741
18.368384192096048,7.397512796398199
18.379539769884943,7.398418629314657
18.390695347673837,7.399324462231116
18.401850925462732,7.400230295147574
18.413006503251626,7.4011361280640315
18.42416208104052,7.40204196098049
18.435317658829415,7.402947793896948
18.44647323661831,7.403853626813406
18.457628814407204,7.404759459729864
18.4687843921961,7.405665292646323
18.479939969984994,7.406571125562781
18.491095547773888,7.407476958479239
18.502251125562783,7.408382791395698
18.513406703351677,7.409288624312156
18.52456228114057,7.410194457228614
18.535717858929466,7.411100290145073
18.54687343671836,7.412006123061531
18.558029014507255,7.412911955977989
18.56918459229615,7.413817788894447
18.580340170085044,7.414723621810905
18.591495747873935,7.415629454727363
18.602651325662833,7.416535287643821
18.613806903451724,7.417441120560279
18.624962481240622,7.418346953476738
18.636118059029513,7.419252786393196
18.64727363681841,7.420158619309655
18.658429214607303,7.421064452226113
18.6695847923962,7.421970285142571
18.68074037018509,7.422876118059029
18.69189594797399,7.423781950975488
18.70305152576288,7.424687783891946
18.71420710355178,7.4255936168084045
18.72536268134067,7.426499449724862
18.736518259129568,7.42740528264132
18.74767383691846,7.428311115557778
18.758829414707357,7.429216948474237
18.769984992496248,7.430122781390695
18.781140570285146,7.431028614307153
18.792296148074037,7.431934447223611
18.803451725862935,7.43284028014007
18.814607303651826,7.433746113056528
18.82576288144072,7.434651945972986
18.836918459229615,7.435557778889445
18.84807403701851,7.436463611805903
18.859229614807404,7.437369444722361
18.8703851925963,7.4382752776388195
18.881540770385193,7.439181110555277
18.892696348174088,7.440086943471735
18.903851925962982,7.440992776388194
18.915007503751877,7.441898609304652
18.92616308154077,7.44280444222111
18.937318659329666,7.443710275137569
18.94847423711856,7.444616108054027
18.959629814907455,7.445521940970485
18.97078539269635,7.446427773886943
18.981940970485244,7.447333606803402
18.99309654827414,7.44823943971986
19.004252126063033,7.449145272636318
19.015407703851928,7.4500511055527765
19.026563281640822,7.4509569384692345
19.037718859429717,7.451862771385692
19.048874437218608,7.45276860430215
19.060030015007506,7.453674437218609
19.071185592796397,7.454580270135067
19.082341170585295,7.455486103051525
19.093496748374186,7.456391935967984
19.104652326163084,7.457297768884442
19.115807903951975,7.4582036018009
19.126963481740873,7.459109434717359
19.138119059529764,7.460015267633817
19.149274637318662,7.460921100550275
19.160430215107553,7.461826933466733
19.17158579289645,7.4627327663831915
19.182741370685342,7.4636385992996495
19.19389694847424,7.464544432216108
19.20505252626313,7.465450265132566
19.21620810405203,7.466356098049024
19.22736368184092,7.467261930965482
19.23851925962982,7.468167763881941
19.24967483741871,7.469073596798399
19.260830415207607,7.469979429714858
19.2719859929965,7.470885262631315
19.283141570785393,7.471791095547774
19.294297148574287,7.472696928464232
19.305452726363182,7.47360276138069
19.316608304152076,7.4745085942971485
19.32776388194097,7.4754144272136065
19.338919459729865,7.4763202601300645
19.35007503751876,7.477226093046523
19.361230615307655,7.478131925962981
19.37238619309655,7.479037758879439
19.383541770885444,7.479943591795898
19.394697348674338,7.480849424712356
19.405852926463233,7.481755257628814
19.417008504252127,7.482661090545273
19.42816408204102,7.483566923461731
19.439319659829916,7.484472756378189
19.45047523761881,7.485378589294647
19.461630815407705,7.486284422211106
19.4727863931966,7.4871902551275635
19.483941970985494,7.4880960880440215
19.49509754877439,7.48900192096048
19.50625312656328,7.489907753876938
19.517408704352178,7.490813586793396
19.52856428214107,7.491719419709854
19.539719859929967,7.492625252626313
19.550875437718858,7.493531085542771
19.562031015507756,7.494436918459229
19.573186593296647,7.495342751375688
19.584342171085545,7.496248584292146
19.595497748874436,7.497154417208604
19.606653326663334,7.498060250125063
19.617808904452225,7.498966083041521
19.628964482241123,7.4998719159579785
19.640120060030014,7.5007777488744365
19.651275637818912,7.501683581790895
19.662431215607803,7.502589414707353
19.6735867933967,7.503495247623812
19.684742371185592,7.50440108054027
19.69589794897449,7.505306913456728
19.70705352676338,7.506212746373186
19.71820910455228,7.507118579289645
19.72936468234117,7.508024412206103
19.740520260130065,7.508930245122561
19.75167583791896,7.509836078039019
19.762831415707854,7.510741910955478
19.77398699349675,7.511647743871936
19.785142571285643,7.5125535767883935
19.796298149074538,7.513459409704852
19.807453726863432,7.51436524262131
19.818609304652327,7.515271075537768
19.82976488244122,7.516176908454227
19.840920460230116,7.517082741370685
19.85207603801901,7.517988574287143
19.863231615807905,7.518894407203602
19.8743871935968,7.51980024012006
19.885542771385694,7.520706073036518
19.89669834917459,7.521611905952977
19.907853926963483,7.522517738869435
19.919009504752378,7.523423571785893
19.930165082541272,7.524329404702351
19.941320660330167,7.525235237618809
19.95247623811906,7.526141070535267
19.963631815907956,7.527046903451725
19.97478739369685,7.527952736368184
19.98594297148574,7.528858569284642
19.99709854927464,7.5297644022011
20.008254127063534,7.530670235117559
20.01940970485243,7.531576068034017
20.030565282641323,7.532481900950475
20.041720860430217,7.533387733866933
20.052876438219112,7.534293566783392
20.064032016008007,7.53519939969985
20.0751875937969,7.536105232616308
20.086343171585792,7.537011065532766
20.097498749374687,7.537916898449224
20.10865432716358,7.538822731365682
20.119809904952476,7.53972856428214
20.13096548274137,7.540634397198599
20.142121060530265,7.541540230115057
20.15327663831916,7.542446063031515
20.164432216108054,7.543351895947974
20.17558779389695,7.544257728864432
20.186743371685843,7.54516356178089
20.197898949474737,7.546069394697349
20.209054527263632,7.546975227613807
20.220210105052526,7.547881060530265
20.23136568284142,7.548786893446723
20.242521260630316,7.5496927263631814
20.25367683841921,7.550598559279639
20.264832416208105,7.551504392196097
20.275987993997,7.552410225112556
20.287143571785894,7.553316058029014
20.298299149574788,7.554221890945472
20.309454727363683,7.555127723861931
20.320610305152577,7.556033556778389
20.331765882941472,7.556939389694847
20.342921460730366,7.557845222611306
20.35407703851926,7.558751055527764
20.365232616308155,7.559656888444222
20.37638819409705,7.5605627213606805
20.387543771885944,7.5614685542771385
20.39869934967484,7.5623743871935964
20.409854927463734,7.563280220110055
20.421010505252628,7.564186053026513
20.432166083041523,7.565091885942971
20.443321660830417,7.565997718859429
20.45447723861931,7.566903551775888
20.465632816408206,7.567809384692346
20.4767883941971,7.568715217608804
20.487943971985995,7.569621050525263
20.49909954977489,7.570526883441721
20.510255127563784,7.571432716358179
20.52141070535268,7.572338549274638
20.532566283141573,7.5732443821910955
20.543721860930468,7.5741502151075535
20.55487743871936,7.5750560480240114
20.566033016508253,7.575961880940469
20.577188594297148,7.576867713856928
20.588344172086043,7.577773546773386
20.599499749874937,7.578679379689844
20.61065532766383,7.579585212606303
20.621810905452726,7.580491045522761
20.63296648324162,7.581396878439219
20.644122061030515,7.582302711355678
20.65527763881941,7.583208544272136
20.666433216608304,7.584114377188594
20.6775887943972,7.585020210105053
20.688744372186093,7.5859260430215105
20.699899949974988,7.5868318759379685
20.711055527763882,7.5877377088544264
20.722211105552777,7.588643541770885
20.73336668334167,7.589549374687343
20.744522261130566,7.590455207603801
20.75567783891946,7.59136104052026
20.766833416708355,7.592266873436718
20.77798899449725,7.593172706353176
20.789144572286144,7.594078539269635
20.80030015007504,7.594984372186093
20.811455727863933,7.595890205102551
20.822611305652828,7.59679603801901
20.833766883441722,7.597701870935468
20.844922461230617,7.5986077038519255
20.85607803901951,7.599513536768384
20.867233616808406,7.600419369684842
20.8783891945973,7.6013252026013
20.889544772386195,7.602231035517759
20.90070035017509,7.603136868434217
20.911855927963984,7.604042701350675
20.92301150575288,7.604948534267133
20.934167083541773,7.605854367183592
20.945322661330668,7.60676020010005
20.956478239119562,7.607666033016508
20.967633816908457,7.608571865932967
20.97878939469735,7.609477698849425
20.989944972486246,7.610383531765883
21.00110055027514,7.611289364682341
21.012256128064035,7.612195197598799
21.023411705852926,7.613101030515257
21.03456728364182,7.614006863431715
21.045722861430715,7.614912696348174
21.05687843921961,7.615818529264632
21.068034017008504,7.61672436218109
21.0791895947974,7.617630195097548
21.090345172586293,7.618536028014007
21.101500750375187,7.619441860930465
21.112656328164082,7.620347693846923
21.123811905952977,7.621253526763382
21.13496748374187,7.62215935967984
21.146123061530766,7.623065192596298
21.15727863931966,7.623971025512756
21.168434217108555,7.624876858429214
21.17958979489745,7.625782691345672
21.190745372686344,7.62668852426213
21.20190095047524,7.627594357178589
21.213056528264133,7.628500190095047
21.224212106053027,7.629406023011505
21.235367683841922,7.630311855927964
21.246523261630816,7.631217688844422
21.25767883941971,7.63212352176088
21.268834417208605,7.633029354677339
21.2799899949975,7.633935187593797
21.291145572786395,7.634841020510255
21.30230115057529,7.6357468534267134
21.313456728364184,7.636652686343171
21.324612306153078,7.637558519259629
21.335767883941973,7.638464352176088
21.346923461730867,7.639370185092546
21.35807903951976,7.640276018009004
21.369234617308656,7.641181850925463
21.38039019509755,7.642087683841921
21.391545772886445,7.642993516758379
21.40270135067534,7.643899349674837
21.413856928464234,7.644805182591296
21.42501250625313,7.645711015507754
21.436168084042023,7.646616848424212
21.447323661830918,7.6475226813406705
21.458479239619813,7.648428514257128
21.469634817408707,7.649334347173586
21.4807903951976,7.650240180090045
21.491945972986493,7.651146013006503
21.503101550775387,7.652051845922961
21.51425712856428,7.652957678839419
21.525412706353176,7.653863511755878
21.53656828414207,7.654769344672336
21.547723861930965,7.655675177588794
21.55887943971986,7.656581010505253
21.570035017508754,7.657486843421711
21.58119059529765,7.658392676338169
21.592346173086543,7.659298509254627
21.603501750875438,7.6602043421710855
21.614657328664332,7.661110175087543
21.625812906453227,7.662016008004001
21.63696848424212,7.66292184092046
21.648124062031016,7.663827673836918
21.65927963981991,7.664733506753376
21.670435217608805,7.665639339669834
21.6815907953977,7.666545172586293
21.692746373186594,7.667451005502751
21.70390195097549,7.668356838419209
21.715057528764383,7.669262671335668
21.726213106553278,7.670168504252126
21.737368684342172,7.671074337168584
21.748524262131067,7.6719801700850425
21.75967983991996,7.6728860030015005
21.770835417708856,7.673791835917958
21.78199099549775,7.674697668834417
21.793146573286645,7.675603501750875
21.80430215107554,7.676509334667333
21.815457728864434,7.677415167583792
21.82661330665333,7.67832100050025
21.837768884442223,7.679226833416708
21.848924462231118,7.680132666333167
21.860080040020012,7.681038499249625
21.871235617808907,7.681944332166083
21.8823911955978,7.682850165082541
21.893546773386696,7.6837559979989996
21.90470235117559,7.6846618309154575
21.915857928964485,7.6855676638319155
21.92701350675338,7.686473496748374
21.938169084542274,7.687379329664832
21.94932466233117,7.68828516258129
21.96048024012006,7.689190995497748
21.971635817908954,7.690096828414207
21.98279139569785,7.691002661330665
21.993946973486743,7.691908494247123
22.005102551275638,7.692814327163582
22.016258129064532,7.69372016008004
22.027413706853427,7.694625992996498
22.03856928464232,7.695531825912957
22.049724862431216,7.6964376588294146
22.06088044022011,7.6973434917458725
22.072036018009005,7.6982493246623305
22.0831915957979,7.699155157578789
22.094347173586794,7.700060990495247
22.10550275137569,7.700966823411705
22.116658329164583,7.701872656328164
22.127813906953477,7.702778489244622
22.138969484742372,7.70368432216108
22.150125062531266,7.704590155077538
22.16128064032016,7.705495987993997
22.172436218109056,7.706401820910455
22.18359179589795,7.707307653826913
22.194747373686845,7.708213486743372
22.20590295147574,7.7091193196598296
22.217058529264634,7.7100251525762875
22.228214107053528,7.710930985492746
22.239369684842423,7.711836818409204
22.250525262631317,7.712742651325662
22.261680840420212,7.713648484242121
22.272836418209106,7.714554317158579
22.283991995998,7.715460150075037
22.295147573786895,7.716365982991496
22.30630315157579,7.717271815907954
22.317458729364684,7.718177648824412
22.32861430715358,7.719083481740871
22.339769884942474,7.719989314657329
22.350925462731368,7.720895147573787
22.362081040520263,7.721800980490245
22.373236618309157,7.722706813406703
22.38439219609805,7.723612646323161
22.395547773886946,7.724518479239619
22.40670335167584,7.725424312156078
22.41785892946473,7.726330145072536
22.429014507253626,7.727235977988994
22.44017008504252,7.728141810905452
22.451325662831415,7.729047643821911
22.46248124062031,7.729953476738369
22.473636818409204,7.730859309654827
22.4847923961981,7.731765142571286
22.495947973986993,7.732670975487744
22.507103551775888,7.73348588294147
22.518259129564782,7.73424892446223
22.529414707353677,7.7350119659829915
22.54057028514257,7.735775007503752
22.551725862931466,7.736538049024512
22.56288144072036,7.737301090545272
22.574037018509255,7.738064132066032
22.58519259629815,7.7388271735867935
22.596348174087044,7.739590215107554
22.60750375187594,7.740353256628314
22.618659329664833,7.741116298149074
22.629814907453728,7.741879339669834
22.640970485242622,7.742642381190595
22.652126063031517,7.743405422711356
22.66328164082041,7.744168464232116
22.674437218609306,7.744931505752876
22.6855927963982,7.7456945472736365
22.696748374187095,7.746457588794397
22.70790395197599,7.747220630315157
22.719059529764884,7.747983671835918
22.73021510755378,7.748746713356678
22.741370685342673,7.7495097548774385
22.752526263131568,7.750272796398199
22.763681840920462,7.751035837918959
22.774837418709357,7.75179887943972
22.78599299649825,7.75256192096048
22.797148574287146,7.753324962481241
22.80830415207604,7.754088004002001
22.819459729864935,7.754851045522761
22.83061530765383,7.755614087043521
22.841770885442724,7.756377128564282
22.85292646323162,7.757140170085043
22.864082041020513,7.757903211605803
22.875237618809408,7.758666253126563
22.8863931965983,7.759429294647323
22.897548774387193,7.760192336168084
22.908704352176088,7.760955377688844
22.919859929964982,7.761718419209604
22.931015507753877,7.762481460730365
22.94217108554277,7.763244502251125
22.953326663331666,7.764007543771886
22.96448224112056,7.764770585292646
22.975637818909455,7.765533626813406
22.98679339669835,7.766296668334167
22.997948974487244,7.767059709854927
23.00910455227614,7.767822751375688
23.020260130065033,7.768585792896448
23.031415707853927,7.769348834417208
23.042571285642822,7.770111875937968
23.053726863431717,7.7708749174587295
23.06488244122061,7.77163795897949
23.076038019009506,7.77240100050025
23.0871935967984,7.77316404202101
23.098349174587295,7.77392708354177
23.10950475237619,7.774690125062531
23.120660330165084,7.775453166583292
23.13181590795398,7.776216208104052
23.142971485742873,7.776979249624812
23.154127063531767,7.7777422911455725
23.165282641320662,7.778505332666333
23.176438219109556,7.779268374187093
23.18759379689845,7.780031415707854
23.198749374687345,7.780794457228614
23.20990495247624,7.7815574987493745
23.221060530265135,7.782320540270135
23.23221610805403,7.783083581790895
23.243371685842924,7.783846623311656
23.254527263631818,7.784609664832416
23.265682841420713,7.785372706353177
23.276838419209607,7.786135747873937
23.2879939969985,7.786898789394697
23.299149574787396,7.787661830915457
23.31030515257629,7.788424872436218
23.321460730365185,7.789187913956979
23.33261630815408,7.789950955477739
23.343771885942974,7.790713996998499
23.354927463731865,7.791477038519259
23.36608304152076,7.7922400800400196
23.377238619309654,7.79300312156078
23.38839419709855,7.793766163081541
23.399549774887443,7.794529204602301
23.410705352676338,7.795292246123061
23.421860930465233,7.796055287643822
23.433016508254127,7.796818329164582
23.44417208604302,7.797581370685342
23.455327663831916,7.798344412206103
23.46648324162081,7.799107453726863
23.477638819409705,7.799870495247624
23.4887943971986,7.800633536768384
23.499949974987494,7.801396578289144
23.51110555277639,7.802159619809904
23.522261130565283,7.8029226613306655
23.533416708354178,7.803685702851426
23.544572286143072,7.804448744372186
23.555727863931967,7.805211785892946
23.56688344172086,7.805974827413706
23.578039019509756,7.806737868934467
23.58919459729865,7.807500910455228
23.600350175087545,7.808263951975988
23.61150575287644,7.809026993496748
23.622661330665334,7.8097900350175085
23.63381690845423,7.810553076538269
23.644972486243123,7.81131611805903
23.656128064032018,7.81207915957979
23.667283641820912,7.81284220110055
23.678439219609807,7.8136052426213105
23.6895947973987,7.814368284142071
23.700750375187596,7.815131325662831
23.71190595297649,7.815894367183592
23.723061530765385,7.816657408704352
23.73421710855428,7.817420450225113
23.745372686343174,7.818183491745873
23.75652826413207,7.818946533266633
23.767683841920963,7.819709574787393
23.778839419709858,7.820472616308154
23.789994997498752,7.821235657828915
23.801150575287647,7.821998699349675
23.81230615307654,7.822761740870435
23.823461730865432,7.823524782391195
23.834617308654327,7.8242878239119555
23.84577288644322,7.825050865432716
23.856928464232116,7.825813906953477
23.86808404202101,7.826576948474237
23.879239619809905,7.827339989994997
23.8903951975988,7.828103031515758
23.901550775387694,7.828866073036518
23.91270635317659,7.829629114557278
23.923861930965483,7.830392156078039
23.935017508754378,7.831155197598799
23.946173086543272,7.83191823911956
23.957328664332167,7.83268128064032
23.96848424212106,7.83344432216108
23.979639819909956,7.83420736368184
23.99079539769885,7.8349704052026015
24.001950975487745,7.835733446723362
24.01310655327664,7.836496488244122
24.024262131065534,7.837259529764882
24.03541770885443,7.838022571285642
24.046573286643323,7.8387856128064035
24.057728864432217,7.839548654327164
24.068884442221112,7.840311695847924
24.080040020010006,7.841074737368684
24.0911955977989,7.8418377788894444
24.102351175587795,7.842600820410205
24.11350675337669,7.843363861930966
24.124662331165585,7.844126903451726
24.13581790895448,7.844889944972486
24.146973486743374,7.8456529864932465
24.158129064532268,7.846416028014007
24.169284642321163,7.847179069534767
24.180440220110057,7.847942111055528
24.19159579789895,7.848705152576288
24.202751375687846,7.8494681940970485
24.21390695347674,7.850231235617809
24.225062531265635,7.850994277138569
24.23621810905453,7.851757318659329
24.247373686843424,7.85252036018009
24.25852926463232,7.853283401700851
24.269684842421213,7.854046443221611
24.280840420210108,7.854809484742371
24.291995997999,7.855572526263131
24.303151575787894,7.8563355677838915
24.314307153576788,7.857098609304652
24.325462731365683,7.857861650825413
24.336618309154577,7.858624692346173
24.34777388694347,7.859387733866933
24.358929464732366,7.860150775387694
24.37008504252126,7.860913816908454
24.381240620310155,7.861676858429215
24.39239619809905,7.862439899949975
24.403551775887944,7.863202941470735
24.41470735367684,7.863965982991496
24.425862931465733,7.864729024512256
24.437018509254628,7.865492066033016
24.448174087043522,7.866255107553777
24.459329664832417,7.8670181490745374
24.47048524262131,7.867781190595298
24.481640820410206,7.868544232116058
24.4927963981991,7.869307273636818
24.503951975987995,7.870070315157578
24.51510755377689,7.8708333566783395
24.526263131565784,7.8715963981991
24.53741870935468,7.87235943971986
24.548574287143573,7.87312248124062
24.559729864932468,7.87388552276138
24.570885442721362,7.874648564282141
24.582041020510257,7.875411605802902
24.59319659829915,7.876174647323662
24.604352176088046,7.876937688844422
24.61550775387694,7.8777007303651825
24.626663331665835,7.878463771885943
24.63781890945473,7.879226813406703
24.648974487243624,7.879989854927464
24.66013006503252,7.880752896448224
24.671285642821413,7.8815159379689845
24.682441220610308,7.882278979489745
24.693596798399202,7.883042021010505
24.704752376188097,7.883805062531266
24.71590795397699,7.884568104052026
24.727063531765886,7.885331145572787
24.73821910955478,7.886094187093547
24.74937468734367,7.886857228614307
24.760530265132566,7.887620270135067
24.77168584292146,7.8883833116558275
24.782841420710355,7.889146353176588
24.79399699849925,7.889909394697349
24.805152576288144,7.890672436218109
24.81630815407704,7.891435477738869
24.827463731865933,7.89219851925963
24.838619309654828,7.89296156078039
24.849774887443722,7.893724602301151
24.860930465232617,7.894487643821911
24.87208604302151,7.895250685342671
24.883241620810406,7.896013726863432
24.8943971985993,7.896776768384192
24.905552776388195,7.897539809904952
24.91670835417709,7.898302851425713
24.927863931965984,7.899065892946473
24.93901950975488,7.899828934467234
24.950175087543773,7.900591975987994
24.961330665332667,7.901355017508754
24.972486243121562,7.902118059029514
24.983641820910456,7.9028811005502755
24.99479739869935,7.903644142071036
25.005952976488246,7.90446462255518
25.01710855427714,7.9053353017972405
25.028264132066035,7.9062059810393
25.03941970985493,7.90707666028136
25.050575287643824,7.90794733952342
25.061730865432718,7.90881801876548
25.072886443221613,7.909688698007541
25.084042021010507,7.910559377249601
25.095197598799402,7.91143005649166
25.106353176588296,7.91230073573372
25.11750875437719,7.913171414975781
25.128664332166085,7.914042094217841
25.13981990995498,7.914912773459901
25.150975487743874,7.915783452701961
25.16213106553277,7.916654131944021
25.173286643321664,7.917524811186081
25.184442221110558,7.918395490428141
25.195597798899453,7.919266169670201
25.206753376688347,7.920136848912261
25.217908954477238,7.921007528154321
25.229064532266133,7.921878207396381
25.240220110055027,7.922748886638441
25.25137568784392,7.923619565880501
25.262531265632816,7.924490245122561
25.27368684342171,7.925360924364622
25.284842421210605,7.9262316036066816
25.2959979989995,7.927102282848741
25.307153576788394,7.927972962090801
25.31830915457729,7.928843641332861
25.329464732366183,7.929714320574922
25.340620310155078,7.930584999816982
25.351775887943973,7.931455679059042
25.362931465732867,7.9323263583011014
25.37408704352176,7.933197037543162
25.385242621310656,7.934067716785222
25.39639819909955,7.934938396027282
25.407553776888445,7.935809075269342
25.41870935467734,7.936679754511402
25.429864932466234,7.937550433753462
25.44102051025513,7.938421112995522
25.452176088044023,7.939291792237582
25.463331665832918,7.940162471479642
25.474487243621812,7.941033150721703
25.485642821410707,7.9419038299637625
25.4967983991996,7.942774509205822
25.507953976988496,7.943645188447882
25.51910955477739,7.944515867689943
25.530265132566285,7.945386546932003
25.54142071035518,7.946257226174063
25.552576288144074,7.947127905416123
25.56373186593297,7.947998584658182
25.574887443721863,7.948869263900243
25.586043021510758,7.949739943142303
25.597198599299652,7.950610622384363
25.608354177088547,7.951481301626423
25.61950975487744,7.9523519808684835
25.630665332666336,7.953222660110543
25.64182091045523,7.954093339352603
25.652976488244125,7.954964018594663
25.66413206603302,7.955834697836724
25.675287643821914,7.956705377078784
25.686443221610805,7.9575760563208435
25.6975987993997,7.958446735562903
25.708754377188594,7.959317414804963
25.71990995497749,7.960188094047023
25.731065532766383,7.961058773289084
25.742221110555278,7.961929452531144
25.753376688344172,7.962800131773204
25.764532266133067,7.963670811015263
25.77568784392196,7.964541490257324
25.786843421710856,7.965412169499384
25.79799899949975,7.966282848741444
25.809154577288645,7.967153527983504
25.82031015507754,7.968024207225564
25.831465732866434,7.968894886467624
25.84262131065533,7.969765565709684
25.853776888444223,7.970636244951744
25.864932466233117,7.971506924193804
25.876088044022012,7.972377603435865
25.887243621810907,7.9732482826779245
25.8983991995998,7.974118961919984
25.909554777388696,7.974989641162044
25.92071035517759,7.975860320404105
25.931865932966485,7.976730999646165
25.94302151075538,7.977601678888225
25.954177088544274,7.9784723581302845
25.96533266633317,7.979343037372344
25.976488244122063,7.980213716614405
25.987643821910957,7.981084395856465
25.998799399699852,7.981955075098525
26.009954977488746,7.982825754340585
26.02111055527764,7.9836964335826455
26.032266133066535,7.984567112824705
26.04342171085543,7.985437792066765
26.054577288644325,7.986308471308825
26.06573286643322,7.987179150550886
26.076888444222114,7.988049829792946
26.088044022011008,7.9889205090350055
26.099199599799903,7.989791188277065
26.110355177588797,7.990661867519125
26.12151075537769,7.991532546761186
26.132666333166586,7.992403226003246
26.14382191095548,7.993273905245306
26.154977488744372,7.9941445844873655
26.166133066533266,7.995015263729425
26.17728864432216,7.995885942971485
26.188444222111055,7.996756622213546
26.19959979989995,7.997627301455606
26.210755377688844,7.998497980697666
26.22191095547774,7.999368659939726
26.233066533266634,NA
26.244222111055528,NA
26.255377688844423,NA
26.266533266633317,NA
26.27768884442221,NA
26.288844422211106,NA
26.3,NA
