position,age,value
396.23,8319.3,2.57
396.28,8321.4,2.57
396.33,8323.6,2.47
396.38,8325.7,2.52
396.43,8327.8,2.59
396.48,8330,2.58
396.53,8332.1,2.49
396.58,8334.2,2.6
396.68,8338.5,2.54
396.73,8340.6,2.54
396.78,8342.8,2.49
396.83,8344.9,2.51
396.88,8347,2.4
396.93,8349.2,2.44
396.98,8351.3,2.44
397.03,8353.4,2.37
397.08,8355.6,2.49
397.13,8357.7,2.56
397.18,8359.8,2.54
397.23,8362,2.44
397.28,8364.1,2.36
397.33,8366.2,2.28
397.38,8368.4,2.43
397.43,8370.5,2.32
397.48,8372.6,2.41
397.53,8374.8,2.49
397.58,8376.9,2.44
397.63,8379,2.54
397.68,8381.2,2.55
397.73,8383.3,2.25
397.78,8385.4,2.3
397.83,8387.5,2.16
397.89,8390.1,2.28
397.94,8392.2,2.38
397.99,8394.4,2.6
398.04,8396.5,2.49
398.09,8398.6,2.54
398.14,8400.8,2.31
398.19,8402.9,2.46
398.24,8405,2.47
398.29,8407.2,2.37
398.34,8409.3,2.38
398.39,8411.4,2.45
398.44,8413.6,2.24
398.49,8415.7,2.44
398.54,8417.8,2.48
398.59,8420,2.4
398.64,8422.1,2.62
398.69,8424.2,2.54
398.74,8426.4,2.38
398.79,8428.5,2.69
398.84,8430.6,2.67
398.89,8432.8,2.55
398.94,8434.9,2.41
398.99,8437,2.53
399.04,8439.2,2.42
399.09,8441.3,2.46
399.14,8443.4,2.44
399.19,8445.6,2.42
399.24,8447.7,2.38
399.29,8449.8,2.43
399.34,8452,2.35
399.39,8454.1,2.46
399.44,8456.2,2.39
399.49,8458.4,2.38
399.54,8460.5,2.34
399.59,8462.6,2.46
399.64,8464.8,2.29
399.69,8466.9,2.33
399.74,8469,2.33
399.84,8473.3,2.28
399.89,8475.4,2.38
399.94,8477.6,2.44
399.99,8479.7,2.57
400.04,8481.8,2.4
400.09,8484,2.47
400.14,8486.1,2.46
400.19,8488.2,2.31
400.29,8492.5,2.36
400.34,8494.6,2.36
400.39,8496.8,2.28
400.44,8498.9,2.3
400.54,8503.1,2.42
400.59,8505.3,2.37
400.64,8507.4,2.93
400.69,8509.5,2.64
400.74,8511.7,2.6
400.79,8513.8,2.47
400.84,8515.9,2.41
400.89,8518.1,2.47
400.94,8520.2,2.36
400.99,8522.3,2.36
401.04,8524.5,2.32
401.09,8526.6,2.35
401.14,8528.7,2.44
401.19,8530.9,2.41
401.24,8533,2.27
401.29,8535.1,2.26
401.34,8537.3,2.19
401.39,8539.4,2.29
401.44,8541.5,2.15
401.49,8543.7,2.36
401.54,8545.8,2.29
401.59,8547.9,2.43
401.64,8550.1,2.51
401.69,8552.2,2.38
401.74,8554.3,2.61
401.79,8556.5,2.41
401.84,8558.6,2.54
401.89,8560.7,2.59
401.94,8562.9,2.46
401.99,8565,2.49
402.04,8567.1,2.23
402.09,8569.3,2.45
402.14,8571.4,2.35
402.19,8573.5,2.51
402.24,8575.7,2.33
402.29,8577.8,2.16
402.34,8579.9,2.3
402.39,8582.1,2.35
402.44,8584.2,2.29
402.49,8586.3,2.39
402.54,8588.5,2.35
402.59,8590.6,2.73
402.64,8592.7,2.15
402.69,8594.9,2.64
402.74,8597,2.47
402.79,8599.1,2.53
402.84,8601.3,2.61
402.89,8603.4,2.76
402.94,8605.3,2.65
402.99,8607.3,2.68
403.04,8609.2,2.66
403.09,8611.2,2.64
403.14,8613.1,2.79
403.19,8615.1,2.72
403.24,8617,2.55
403.29,8619,2.66
403.34,8620.9,2.68
403.39,8622.9,2.62
403.42,8624.1,2.52
403.47,8626,2.37
403.52,8628,2.66
403.57,8629.9,2.53
403.62,8631.9,2.53
403.77,8637.7,2.56
403.82,8639.7,2.33
403.87,8641.6,2.83
403.92,8643.6,2.67
403.97,8645.5,2.51
404.02,8647.5,2.4
404.07,8649.5,2.55
404.12,8651.4,2.54
404.17,8653.4,2.46
404.22,8655.3,2.51
404.27,8657.3,2.42
404.32,8659.2,2.38
404.37,8661.2,2.45
404.42,8663.1,2.36
404.47,8665.1,2.2
404.52,8667,2.26
404.57,8669,2.25
404.62,8670.9,2.05
404.67,8672.9,2.12
404.72,8674.8,2.56
404.77,8676.8,2.72
404.82,8678.8,2.63
404.87,8680.7,2.53
404.92,8682.7,2.53
404.97,8684.6,2.64
405.02,8686.6,2.58
405.07,8688.5,2.52
405.12,8690.5,2.33
405.17,8692.4,2.33
405.22,8694.4,2.33
405.27,8696.3,2.37
405.32,8698.3,2.61
405.37,8700.2,2.44
405.42,8702.2,2.55
405.47,8704.1,2.53
405.52,8706.1,2.47
405.57,8708.1,2.49
405.62,8710,2.19
405.67,8712,2.26
405.72,8713.9,2.37
405.77,8715.9,2.36
405.82,8717.8,2.56
405.87,8719.8,2.36
405.92,8721.7,2.5
405.97,8723.7,2.53
406.02,8725.6,2.6
406.07,8727.6,2.78
406.12,8729.7,2.56
406.17,8731.9,2.6
406.22,8734,2.69
406.27,8736.1,2.47
406.32,8738.2,2.43
406.37,8740.4,2.47
406.42,8742.5,2.34
406.47,8744.6,2.48
406.52,8746.8,2.55
406.57,8748.9,2.4
406.62,8751,2.3
406.67,8753.2,2.23
406.72,8755.3,2.19
406.77,8757.4,2.08
406.82,8759.5,2.11
406.87,8761.7,2.23
406.92,8763.8,2.28
406.97,8765.9,2.3
407.02,8768.1,2.49
407.07,8770.2,2.49
407.12,8772.3,2.52
407.17,8774.4,2.35
407.22,8776.6,2.36
407.27,8778.7,2.34
407.32,8780.8,2.2
407.37,8783,2.32
407.42,8785.1,2.27
407.47,8787.2,2.23
407.52,8789.4,2.22
407.57,8791.5,2.26
407.62,8793.6,2.39
407.67,8795.7,2.43
407.72,8797.9,2.59
407.77,8800,2.5
407.82,8802.1,2.47
407.87,8804.3,2.49
407.92,8806.4,2.55
407.97,8808.5,2.46
408.02,8810.6,2.48
408.07,8812.8,2.59
408.12,8814.9,2.65
408.17,8817,2.54
408.22,8819.2,2.66
408.27,8821.3,2.51
408.32,8823.4,2.52
408.37,8825.6,2.71
408.42,8827.7,2.4
408.47,8829.8,2.33
408.52,8831.9,2.31
408.57,8834.1,2.51
408.62,8836.2,2.44
408.67,8838.3,2.53
408.72,8840.5,2.29
408.77,8842.6,2.46
408.82,8844.7,2.54
408.87,8846.8,2.51
408.92,8849,2.4
408.97,8851.1,2.5
409.02,8853.2,2.56
409.07,8855.4,2.55
409.12,8857.5,2.48
409.17,8859.6,2.33
409.22,8861.8,2.5
409.27,8863.9,2.45
409.32,8866,2.33
409.37,8868.1,2.19
409.42,8870.7,2.3
409.47,8873.2,2.37
409.52,8875.7,2.4
409.57,8878.3,2.26
409.62,8880.8,2.64
409.67,8883.3,2.59
409.72,8885.8,2.51
409.77,8888.4,2.58
409.82,8890.9,2.64
409.87,8893.4,2.56
409.92,8896,2.44
409.97,8898.5,2.57
410.02,8901,2.61
410.07,8903.6,2.55
410.12,8906.1,2.52
410.17,8908.6,
410.22,8911.2,2.47
410.27,8913.7,2.59
410.32,8916.2,2.61
410.37,8918.7,2.57
410.42,8921.3,2.63
410.47,8923.8,2.49
410.52,8926.3,2.5
410.57,8928.9,2.68
410.62,8931.4,2.44
410.67,8933.9,2.5
410.72,8936.5,2.36
410.82,8941.5,2.35
410.87,8944.1,2.3
410.92,8946.6,2.39
410.97,8949.1,2.33
411.02,8951.6,2.27
411.07,8954.2,2.55
411.12,8956.7,2.66
411.17,8959.2,2.58
411.22,8961.8,2.72
411.27,8964.3,2.47
411.32,8966.8,2.77
411.42,8971.9,2.59
411.52,8977,2.49
411.57,8979.5,2.34
411.62,8982,2.31
411.67,8984.5,2.5
411.72,8987.1,2.42
411.77,8989.6,2.63
411.82,8992.1,2.42
411.87,8994.7,2.6
411.92,8997.2,2.51
411.97,8999.7,2.39
412.02,9002.3,2.26
412.07,9004.8,2.36
412.12,9007.3,2.25
412.17,9009.8,2.2
412.22,9012.4,2.44
412.27,9014.9,2.43
412.32,9017.4,2.61
412.37,9020,2.52
412.42,9022.5,2.36
412.47,9025,2.37
412.57,9030.1,2.37
412.62,9032.6,2.2
412.67,9035.1,1.87
412.72,9037.2,2.07
412.77,9039.4,1.99
412.87,9043.7,2.11
412.92,9045.8,2.13
413.02,9050.2,2.02
413.07,9052.3,2.29
413.12,9054.5,2.08
413.17,9056.6,2.12
413.27,9061,2.24
413.32,9063.1,2.42
413.37,9065.3,2.54
413.42,9067.4,2.44
413.47,9069.6,2.52
413.52,9071.7,2.45
413.57,9073.9,2.46
413.62,9076.1,2.26
413.67,9078.2,2.41
413.72,9080.4,2.27
413.77,9082.5,2.4
413.82,9084.7,2.49
413.87,9086.8,2.46
413.92,9089,2.47
413.97,9091.2,2.57
414.02,9093.3,2.52
414.07,9095.5,2.43
414.12,9097.6,2.47
414.17,9099.8,2.45
414.22,9102,2.29
414.27,9104.1,2.46
414.32,9106.3,2.27
414.37,9108.4,2.21
414.42,9110.6,2.28
414.47,9112.7,2.27
414.52,9114.9,2.31
414.57,9117.1,2.13
414.62,9119.2,2.25
414.67,9121.4,2.34
414.72,9123.5,2.35
414.77,9125.7,2.29
414.82,9127.9,2.13
414.87,9130,2.16
414.92,9132.2,2.13
414.97,9134.3,2.12
415.02,9136.5,2.51
415.07,9138.6,2.39
415.12,9140.8,2.4
415.17,9143,2.31
415.22,9145.1,2.19
415.27,9147.3,2.26
415.32,9149.4,2.31
415.37,9151.6,2.23
415.42,9153.7,2.14
415.47,9155.9,2.11
415.52,9158.1,2.15
415.57,9160.2,2.4
415.62,9162.4,2.27
415.67,9164.5,2.26
415.72,9166.7,2.29
415.77,9168.9,2.32
415.82,9171,2.11
415.87,9173.2,2.19
415.92,9175.3,2.3
415.97,9177.5,2.1
416.02,9179.6,1.97
416.07,9181.8,2.2
416.12,9184,2.32
416.17,9186.1,2.32
416.22,9188.3,2.61
416.27,9190.4,2.46
416.32,9192.6,2.53
416.37,9194.8,2.34
416.42,9196.9,2.39
416.47,9199.1,2.43
416.52,9201.2,2.41
416.57,9203.4,2.42
416.62,9205.5,2.32
416.67,9207.7,2.33
416.72,9209.9,2.36
416.87,9216.3,2.64
416.92,9218.5,2.67
416.97,9220.6,2.55
417.02,9222.8,2.57
417.07,9224.9,2.63
417.12,9227.1,2.58
417.17,9229.2,2.48
417.22,9231.3,2.44
417.27,9233.4,2.39
417.32,9235.6,2.38
417.37,9237.7,2.36
417.42,9239.8,2.32
417.47,9241.9,2.42
417.52,9244,2.34
417.57,9246.2,2.34
417.62,9248.3,2.24
417.67,9250.4,2.42
417.72,9252.5,2.53
417.77,9254.7,2.51
417.82,9256.8,2.64
417.87,9258.9,2.57
417.92,9261,2.56
417.97,9263.2,2.63
418.02,9265.3,2.65
418.07,9267.4,2.44
418.12,9269.5,2.6
418.17,9271.6,2.52
418.22,9273.8,2.44
418.27,9275.9,2.3
418.32,9278,2.39
418.37,9280.1,2.3
418.42,9282.3,2.31
418.47,9284.4,2.35
418.52,9286.5,2.25
418.57,9288.6,2.28
418.62,9290.8,2.44
418.67,9292.9,2.58
418.72,9295,2.19
418.77,9297.1,2.39
418.82,9299.2,2.38
418.87,9301.4,2.39
418.92,9303.5,2.33
418.97,9305.6,2.45
419.02,9307.7,2.26
419.07,9309.9,2.28
419.12,9312,2.21
419.17,9314.1,2.25
419.22,9316.2,2.14
419.27,9318.4,2.1
419.32,9320.5,2.31
419.37,9322.6,2.36
419.42,9324.7,2.31
419.47,9326.9,2.39
419.52,9329,2.39
419.57,9331.1,2.52
419.62,9333.2,2.59
419.67,9335.3,2.51
419.72,9337.5,2.39
419.77,9339.6,2.44
419.82,9341.7,2.27
419.87,9343.8,2.39
419.92,9346,2.35
419.97,9348.1,2.3
420.02,9350.2,2.2
420.07,9352.3,2.18
420.12,9354.5,2.18
420.17,9356.6,2.27
420.22,9358.7,2.14
420.27,9360.8,2.39
420.32,9362.9,2.34
420.37,9365.1,2.32
420.42,9367.2,2.42
420.47,9369.3,2.49
420.52,9371.4,2.28
420.57,9373.6,2.5
420.62,9375.7,2.21
420.67,9377.8,2.31
420.72,9379.9,2.32
420.77,9382.1,2.17
420.82,9384.2,2.23
420.87,9386.3,2.15
420.92,9388.4,2.03
420.97,9390.5,2.17
421.02,9392.7,2.25
421.07,9394.8,2.32
421.12,9396.9,2.41
421.17,9399,2.46
421.22,9401.2,2.51
421.27,9403.3,2.35
421.32,9405.4,2.46
421.37,9407.5,2.39
421.42,9409.7,2.44
421.47,9411.8,2.54
421.52,9413.9,2.42
421.57,9416,2.46
421.62,9418.1,2.58
421.67,9420.3,2.51
421.72,9422.4,2.42
421.77,9424.5,2.34
421.82,9426.6,2.45
421.87,9428.8,2.01
421.92,9430.9,2.24
421.97,9433,2.17
422.02,9435.1,2.27
422.07,9437.3,2.22
422.12,9439.4,2.47
422.17,9441.5,2.3
422.22,9443.6,2.51
422.27,9445.7,2.39
422.32,9447.9,2.51
422.37,9450,2.59
422.42,9452.1,2.38
422.47,9454.2,2.44
422.52,9456.4,2.36
422.57,9458.5,2.38
422.62,9460.6,2.36
422.67,9462.7,2.51
422.72,9464.9,2.38
422.77,9467,2.47
422.82,9469.1,2.26
422.87,9471.2,2.26
422.92,9473.3,2.21
422.97,9475.5,2.22
423.02,9477.6,2.29
423.07,9479.7,2.15
423.12,9481.8,2.26
423.17,9484,2.28
423.22,9486.1,2.08
423.27,9488.2,2.43
423.32,9490.3,2.39
423.37,9492.5,2.52
423.47,9496.7,2.44
423.52,9498.8,2.52
423.57,9500.9,2.38
423.62,9503.1,2.44
423.67,9505.2,2.4
423.72,9507.3,2.34
423.77,9509.4,2.31
423.82,9511.6,2.37
423.87,9513.7,2.15
423.97,9517.9,2.19
424.03,9520.5,1.98
424.08,9522.6,2.13
424.13,9524.7,2.48
424.18,9526.8,2.41
424.23,9529,2.51
424.28,9531.1,2.45
424.33,9533.2,2.5
424.38,9535.3,2.52
424.43,9537.5,2.47
424.48,9539.6,2.4
424.53,9541.7,2.41
424.58,9543.8,2.31
424.63,9546,2.38
424.68,9548.1,2.38
424.73,9550.2,2.21
424.78,9552.3,2.3
424.83,9554.4,2.18
424.88,9556.6,2.07
424.93,9558.7,2.15
424.98,9560.8,2.13
425.03,9562.9,2.26
425.08,9565.1,2.19
425.13,9567.2,2.39
425.17,9568.9,2.48
425.22,9571,2.4
425.27,9573.1,2.4
425.32,9575.3,2.26
425.37,9577.4,2.38
425.42,9579.5,2.36
425.47,9581.6,2.26
425.52,9583.7,2.32
425.57,9585.9,2.23
425.62,9588,2.14
425.67,9590.1,2.23
425.72,9592.2,2.07
425.77,9594.4,2.2
425.82,9596.5,2.03
425.87,9598.6,1.88
425.92,9600.7,1.98
425.97,9602.9,1.96
426.02,9605,2.19
426.07,9607.1,2.37
426.12,9609.2,2.44
426.22,9613.5,2.47
426.27,9615.6,2.52
426.32,9617.7,2.5
426.37,9619.8,2.59
426.42,9622,2.24
426.47,9624.1,2.42
426.52,9626.2,2.32
426.57,9628.3,2.22
426.62,9630.5,2.17
426.67,9632.6,2.17
426.72,9634.7,2.13
426.77,9636.8,2.13
426.82,9638.9,2.23
426.87,9641.1,2.37
426.92,9643.2,2.17
426.97,9645.3,2.22
427.02,9647.4,2.39
427.07,9649.6,2.17
427.12,9651.7,2.23
427.17,9653.8,2.12
427.22,9655.9,2.29
427.27,9658.1,2.2
427.32,9660.2,2.26
427.42,9664.4,2.33
427.47,9666.5,2.21
427.52,9668.7,2.18
427.57,9670.8,2.12
427.62,9672.9,2.22
427.67,9675,2.15
427.72,9677.2,2.16
427.77,9679.3,1.93
427.82,9681.4,2.03
427.87,9683.5,2.12
427.92,9685.7,2.07
427.97,9687.8,2.2
428.02,9689.9,2.39
428.07,9692,2.26
428.12,9694.1,2.51
428.17,9696.3,2.53
428.22,9698.4,2.41
428.27,9700.5,2.38
428.32,9702.6,2.5
428.37,9704.8,2.34
428.42,9706.9,2.37
428.47,9709,2.33
428.52,9711.1,2.2
428.57,9713.3,2.18
428.62,9715.4,2.29
428.67,9717.5,2.26
428.72,9719.5,2.12
428.77,9721.4,2.3
428.82,9723.4,2.21
428.86,9725,2.11
428.92,9727.3,2.34
428.97,9729.3,2.34
429.02,9731.2,2.52
429.07,9733.2,2.43
429.12,9735.1,2.48
429.17,9737.1,2.54
429.22,9739.1,2.55
429.27,9741,2.49
429.32,9743,2.3
429.37,9744.9,2.14
429.42,9746.9,2.38
429.47,9748.8,2.23
429.52,9750.8,2.22
429.57,9752.8,2.17
429.62,9754.7,2.23
429.67,9756.7,2.18
429.72,9758.6,2.02
429.78,9761,2.09
429.83,9763,2.06
429.88,9764.9,2.04
429.93,9766.9,2.12
429.98,9768.8,2.07
430.03,9770.8,2.13
430.08,9772.7,2.24
430.13,9774.7,2.57
430.18,9776.7,2.37
430.23,9778.6,2.37
430.28,9780.6,2.45
430.33,9782.5,2.27
430.38,9784.5,2.35
430.43,9786.5,2.16
430.48,9788.4,2.09
430.53,9790.4,2.14
430.58,9792.3,2
430.63,9794.3,2.13
430.68,9796.2,2.35
430.73,9798.2,2.21
430.78,9800.2,2.12
430.83,9802.1,2.1
430.88,9804.1,2.23
430.93,9806,2.14
430.98,9808,2.33
431.03,9810,2.3
431.08,9811.9,2.49
431.13,9813.9,2.18
431.18,9815.8,2.68
431.23,9817.8,2.48
431.28,9819.7,2.53
431.33,9821.4,2.83
431.38,9823.1,2.64
431.42,9824.5,2.32
431.72,9834.6,2.3
431.77,9836.3,2.04
431.82,9838,2.17
431.87,9839.7,2.12
431.92,9841.4,2.11
431.97,9843.1,2.17
432.02,9844.8,2.2
432.07,9846.5,2.21
432.12,9848.2,2.13
432.17,9849.8,2.26
432.22,9851.5,2.02
432.27,9853.2,2.38
432.32,9854.9,2.55
432.37,9856.6,2.42
432.42,9858.3,2.49
432.47,9860,2.43
432.52,9861.7,2.41
432.57,9863.4,2.36
432.62,9865.1,2.32
432.67,9866.8,2.29
432.72,9868.5,2.2
432.77,9870.1,2.33
432.82,9871.8,2.29
432.87,9873.5,2.21
432.92,9875.2,2.25
432.97,9876.9,2.44
433.02,9878.6,2.32
433.07,9880.3,2.32
433.12,9882,2.01
433.17,9883.7,2.2
433.22,9885.4,1.7
433.27,9887.1,1.95
433.32,9888.8,2.22
433.37,9890.4,1.98
433.42,9892.1,2.27
433.47,9893.8,2.25
433.52,9895.5,2.34
433.57,9897.2,2.42
433.62,9898.9,2.46
433.67,9900.6,2.45
433.72,9902.3,2.36
433.77,9904,2.4
433.82,9905.7,2.36
433.87,9907.4,2.12
433.92,9909,2.14
433.97,9910.7,2.24
434.02,9912.4,2.26
434.07,9914.1,2.26
434.12,9915.8,2.24
434.17,9917.5,2.23
434.22,9919.2,2.23
434.27,9920.9,2.09
434.32,9922.6,2.19
434.37,9924.3,2.18
434.42,9926,2.28
434.47,9927.7,2.18
434.52,9929.3,2.31
434.57,9931,2.41
434.62,9932.7,2.32
434.67,9934.4,2.31
434.72,9936.1,2.4
434.77,9937.8,2.22
434.82,9939.5,2.3
434.87,9941.2,2.54
434.92,9942.9,2.32
434.97,9944.6,2.45
435.02,9946.3,2.17
435.07,9948,2.3
435.12,9949.6,2.29
435.17,9951.3,2.23
435.22,9953,2.21
435.27,9954.7,2.11
435.32,9956.4,2.1
435.37,9958.1,2.06
435.42,9959.8,2.08
435.47,9961.5,2.22
435.52,9963.2,2.19
435.57,9964.9,2.01
435.62,9966.6,2.11
435.67,9968.3,2.1
435.72,9969.9,2.03
435.77,9971.6,2.05
435.82,9973.3,2
435.87,9975,2.01
435.92,9976.7,2.1
435.97,9978.4,1.92
436.02,9980.1,2.04
436.07,9981.8,2.26
436.12,9983.5,2.11
436.17,9985.6,2.21
436.27,9991.7,1.92
436.32,9994.7,2.03
436.37,9997.7,1.9
436.42,10001,2.08
436.47,10004,2.07
436.52,10007,1.92
436.57,10010,1.91
436.62,10013,2.15
436.67,10016,1.99
436.72,10019,2.38
436.77,10022,2.24
436.82,10025,2.23
436.87,10028,2.33
436.92,10031,2.32
436.97,10034,2.31
437.02,10037,2.29
437.07,10040,2.26
437.12,10043,2.22
437.17,10046,2.21
437.22,10049,2.13
437.32,10055,2.03
437.37,10058,2.1
437.42,10061,2.1
437.47,10064,2.15
437.52,10067,1.97
437.57,10070,2.23
437.62,10073,2.08
437.67,10076,2.23
437.72,10079,2.13
437.77,10082,2.13
437.83,10086,2.09
437.88,10089,2.31
437.98,10095,2.11
438.03,10098,2.13
438.08,10101,1.89
438.13,10104,2.02
438.18,10107,2.03
438.23,10110,2.18
438.28,10113,2.22
438.33,10116,2.08
438.38,10119,2.34
438.43,10122,2.4
438.48,10125,2.34
438.53,10128,2.34
438.58,10131,2.32
438.63,10134,2.34
438.68,10137,2.23
438.72,10139,2.01
438.77,10142,2.24
438.82,10145,1.98
438.87,10148,2.19
438.92,10151,2.21
438.97,10154,2.27
439.02,10157,2.12
439.07,10160,2.08
439.12,10163,1.96
439.17,10166,2.12
439.22,10169,2.26
439.27,10172,2.22
439.32,10175,2.26
439.37,10178,2.16
439.42,10181,2.2
439.47,10184,2.03
439.52,10188,2.15
439.57,10191,2.01
439.62,10194,2.02
439.67,10197,2.1
439.72,10200,2.11
439.77,10203,2.19
439.82,10206,2.1
439.87,10209,2.16
439.92,10212,2.45
439.97,10215,1.98
440.02,10218,2.15
440.07,10221,1.93
440.12,10224,2.06
440.17,10227,1.94
440.22,10230,2.05
440.27,10233,2.34
440.32,10236,2.28
440.37,10239,2.13
440.42,10242,2.22
440.47,10245,2.14
440.57,10251,2.22
440.62,10254,2.23
440.67,10257,2.07
440.72,10260,2.22
440.77,10263,2.14
440.82,10266,2.2
440.87,10269,2.14
440.92,10272,2.1
440.97,10275,2.08
441.02,10278,2.1
441.07,10281,2.02
441.12,10284,2.1
441.17,10287,2.15
441.22,10290,2.14
441.27,10293,2.17
441.32,10296,2.32
441.37,10299,2.37
441.42,10302,2.33
441.47,10305,2.33
441.52,10308,2.5
441.57,10311,2.4
441.62,10314,2.35
441.67,10316,2.29
441.72,10318,2.15
441.77,10321,2.02
441.82,10323,2.05
441.87,10325,2.05
441.92,10328,2.15
441.97,10330,2.19
442.02,10333,2
442.07,10335,2.17
442.12,10337,2.1
442.17,10340,2.04
442.22,10342,1.9
442.27,10344,1.94
442.32,10347,1.99
442.37,10349,2.11
442.42,10351,2.19
442.47,10354,2.25
442.52,10356,2.17
442.57,10359,2.09
442.62,10361,2.05
442.67,10363,2.02
442.72,10366,2.04
442.77,10368,2.05
442.82,10370,2.21
442.92,10375,2.31
442.97,10378,2.29
443.02,10380,2.32
443.07,10382,2.37
443.12,10385,2.36
443.17,10387,2.31
443.22,10389,2.1
443.27,10392,2.3
443.32,10394,2.22
443.37,10396,2.28
443.43,10399,2
443.48,10402,2.42
443.53,10404,2.21
443.58,10406,2.2
443.63,10409,2.23
443.68,10411,2.15
443.73,10414,2.17
443.78,10416,2.11
443.83,10418,2.12
443.88,10421,2.17
443.93,10423,2.17
443.98,10425,2.13
444.03,10428,2.31
444.08,10430,2.28
444.13,10433,2.23
444.18,10435,2.24
444.23,10437,2.2
444.28,10440,2.16
444.33,10442,2.14
444.38,10444,2.12
444.43,10447,2.52
444.48,10449,2.15
444.53,10451,1.94
444.57,10453,2.12
444.62,10456,1.83
444.67,10458,1.97
444.72,10460,1.95
444.77,10462,1.89
444.82,10464,2.01
444.87,10466,2.06
444.92,10468,2.23
444.97,10469,2.24
445.02,10471,2.3
445.07,10473,2.1
445.12,10475,2.17
445.17,10477,2.21
445.22,10478,2.09
445.27,10480,2.1
445.32,10482,2.06
445.37,10484,2.08
445.42,10485,2.17
445.47,10487,2.11
445.52,10489,2.13
445.57,10491,2.08
445.62,10492,2.08
445.67,10494,2.05
445.72,10496,1.99
445.77,10498,2.05
445.82,10500,2.09
445.87,10501,2.12
445.92,10503,2.14
445.97,10505,2.3
446.02,10507,2.19
446.17,10512,2.19
446.22,10514,2.14
446.27,10515,2.08
446.32,10517,1.95
446.37,10519,2.14
446.42,10521,2
446.47,10523,2.17
446.52,10524,2.06
446.57,10526,2.07
446.62,10528,2.01
446.67,10530,2.03
446.72,10531,1.97
446.77,10533,1.93
446.82,10535,1.98
446.87,10537,2.13
446.92,10538,2.06
446.97,10540,2.19
447.02,10542,2.26
447.07,10544,2.16
447.12,10546,2.21
447.17,10547,2.18
447.22,10549,2.27
447.27,10551,2.29
447.32,10553,2.29
447.37,10554,2.31
447.42,10556,2.29
447.47,10558,2.33
447.52,10560,2.1
447.57,10561,2.17
447.62,10563,2.25
447.67,10565,2.27
447.72,10567,2.06
447.77,10569,2.03
447.82,10570,2.02
447.87,10572,2.1
447.92,10574,2.05
447.97,10576,2.01
448.02,10577,2
448.07,10579,2.06
448.12,10581,2.1
448.17,10583,2.03
448.22,10584,2.07
448.27,10586,2.07
448.32,10588,2.02
448.37,10590,2.08
448.42,10592,2.19
448.47,10593,2.23
448.52,10595,2.25
448.57,10597,2.3
448.62,10599,2.27
448.67,10600,2.25
448.72,10602,2.13
448.77,10604,1.94
448.82,10606,2.04
448.87,10607,1.95
448.92,10609,1.86
448.97,10611,1.82
449.02,10613,1.71
449.07,10615,1.91
449.12,10616,1.89
449.17,10618,1.96
449.22,10620,2.06
449.27,10622,2.02
449.32,10623,1.92
449.37,10625,1.84
449.42,10627,1.88
449.47,10629,1.81
449.52,10631,1.88
449.57,10632,1.86
449.62,10634,1.93
449.67,10636,2
449.72,10638,2.14
449.77,10640,2.18
449.82,10641,2.47
449.87,10643,2.18
449.92,10645,2.2
449.97,10647,2.13
450.02,10649,2.14
450.07,10651,2.06
450.12,10652,2.02
450.17,10654,1.93
450.22,10656,1.73
450.27,10658,2.02
450.32,10660,2.03
450.37,10663,2.04
450.42,10665,2.13
450.47,10667,2.12
450.52,10669,2.12
450.57,10671,2.13
450.62,10674,2.15
450.67,10676,2.19
450.72,10678,2.17
450.77,10680,2.38
450.82,10682,2.28
450.87,10685,2.14
450.92,10687,2.31
450.97,10689,2.25
451.02,10691,2.25
451.07,10694,2.17
451.12,10696,2.22
451.17,10698,2.16
451.22,10700,2.02
451.27,10702,2.12
451.32,10705,1.94
451.37,10707,2.11
451.42,10709,1.85
451.47,10711,1.77
451.52,10713,1.78
451.57,10716,1.72
451.62,10718,1.78
451.77,10725,2.14
451.82,10727,2.15
451.87,10729,2.17
451.92,10731,2.15
451.97,10733,2.24
452.02,10736,2.14
452.07,10738,2.19
452.12,10740,1.86
452.17,10742,2
452.22,10745,1.84
452.27,10747,1.77
452.32,10749,1.77
452.37,10751,2
452.42,10753,1.98
452.47,10756,2.02
452.52,10758,2.05
452.57,10760,1.88
452.62,10762,1.97
452.67,10764,1.77
452.72,10767,1.9
452.77,10769,1.83
452.82,10771,1.64
452.87,10773,1.85
452.92,10776,1.66
452.97,10778,1.76
453.02,10780,1.53
453.07,10782,1.85
453.12,10785,2
453.17,10787,2.19
453.22,10790,2.26
453.27,10792,2.33
453.32,10794,2.37
453.37,10797,2.47
453.42,10799,2.36
453.57,10806,2.22
453.62,10809,2.18
453.67,10811,2.21
453.72,10813,2.23
453.77,10816,2.24
453.82,10818,2.14
453.87,10820,2.18
453.92,10823,2.05
453.97,10825,2.17
454.02,10828,2.19
454.07,10830,2.17
454.12,10832,2.21
454.17,10835,2.23
454.22,10837,2.18
454.27,10840,2.17
454.32,10842,2.22
454.37,10844,2.25
454.42,10847,2.25
454.47,10849,2.12
454.52,10851,2.28
454.57,10854,2.27
454.62,10856,2.29
454.67,10859,2.26
454.72,10861,2.11
454.82,10866,2.11
454.87,10868,2
454.97,10873,2.06
455.02,10875,2.12
455.07,10878,2.09
455.12,10880,1.95
455.17,10882,2.02
455.22,10885,2.18
455.27,10887,2.15
455.32,10890,2.04
455.37,10892,2.25
455.42,10894,2.17
455.47,10897,2.16
455.52,10899,2.13
455.57,10901,2.2
455.62,10904,2.23
455.67,10906,2.09
455.72,10909,2.29
455.77,10911,2.27
455.82,10913,2.17
455.87,10916,2.2
455.92,10918,2.2
455.97,10920,2.09
456.02,10923,2.31
456.07,10925,2.27
456.12,10928,2.28
456.17,10930,2.26
456.22,10932,2.27
456.27,10935,2.28
456.32,10937,2.23
456.37,10940,2.17
456.42,10942,2.16
456.47,10944,1.96
456.52,10947,2.01
456.57,10949,1.97
456.62,10951,1.94
456.67,10954,2.02
456.72,10956,1.92
456.77,10959,1.91
456.82,10961,1.95
456.87,10963,1.94
456.92,10966,2.1
456.97,10968,2.02
457.02,10970,2.11
457.07,10973,2.13
457.12,10975,2.18
457.17,10978,2.16
457.22,10980,2.22
457.27,10982,2.17
457.32,10985,2.15
457.37,10987,2.12
457.42,10989,2.13
457.47,10992,2.07
457.52,10994,2.13
457.57,10997,2.11
457.62,10999,2.09
457.67,11001,2.16
457.72,11004,2.11
457.77,11006,2.21
457.82,11009,2.17
457.87,11011,2.19
457.92,11013,2.11
457.97,11016,2.02
458.02,11018,2.03
458.07,11020,1.95
458.12,11023,1.85
458.17,11024,1.93
458.22,11026,1.8
458.27,11028,1.82
458.32,11029,1.96
458.37,11031,2.09
458.42,11033,2.12
458.47,11034,2.09
458.52,11036,2.26
458.57,11038,2.25
458.62,11039,2.28
458.67,11041,2.24
458.72,11043,2.31
458.77,11045,2.32
458.82,11046,2.32
458.87,11048,2.36
458.92,11050,2.29
458.97,11051,2.32
459.02,11053,2.28
459.07,11055,2.22
459.12,11056,2.18
459.17,11058,2.38
459.22,11060,2.2
459.27,11061,2.33
459.32,11063,2.22
459.37,11065,2.37
459.42,11066,2.3
459.47,11068,2.28
459.52,11070,2.07
459.57,11071,2.09
459.62,11073,2.12
459.67,11075,2.22
459.72,11076,2.14
459.77,11078,2.17
459.82,11080,2.16
459.87,11082,2.21
459.92,11083,2.21
459.97,11085,2.25
460.02,11087,2.36
460.07,11088,2.32
460.12,11090,2.31
460.17,11092,2.26
460.22,11093,2.33
460.27,11095,2.43
460.32,11097,2.47
460.37,11098,2.36
460.42,11100,2.36
460.47,11102,2.34
460.52,11103,2.22
460.57,11105,2.12
460.62,11107,2.24
460.67,11108,2.15
460.72,11110,2.19
460.77,11112,2.16
460.82,11113,2.09
460.87,11115,2.17
460.92,11117,2
460.97,11119,2.04
461.02,11120,2.11
461.07,11122,2.1
461.12,11124,2.12
461.17,11125,1.98
461.22,11127,2.12
461.27,11129,2.23
461.32,11130,2.34
461.37,11132,2.11
461.42,11134,2.29
461.47,11135,2.26
461.52,11137,2.26
461.57,11139,2.14
461.62,11140,2.06
461.67,11142,2.12
461.72,11144,2.03
461.77,11145,1.73
461.82,11147,1.9
461.87,11149,1.96
461.92,11151,2.05
461.97,11153,2.02
462.02,11155,2.13
462.07,11157,2.1
462.12,11159,2.05
462.17,11161,2.05
462.22,11163,1.92
462.27,11165,2.1
462.32,11167,2.03
462.37,11169,2.12
462.42,11171,2.35
462.47,11173,2.42
462.52,11175,2.43
462.57,11178,2.37
462.62,11180,2.43
462.67,11182,2.3
462.72,11184,2.21
462.77,11186,2.23
462.82,11188,2.1
462.87,11190,2.29
462.92,11192,2.18
462.97,11194,2.19
463.02,11196,2.24
463.07,11198,2.27
463.12,11200,2.15
463.17,11202,2.29
463.22,11204,2.32
463.27,11206,2.25
463.32,11208,2.23
463.37,11210,2.32
463.42,11212,2.3
463.47,11214,2.37
463.52,11216,2.32
463.57,11218,2.31
463.62,11220,2.25
463.67,11222,2.2
463.72,11224,1.98
463.77,11226,2.19
463.82,11228,2.23
463.87,11230,2.28
463.92,11232,2.01
463.97,11234,1.89
464.02,11236,1.97
464.07,11238,1.85
464.12,11240,2.06
464.17,11242,2.22
464.22,11244,2.24
464.27,11246,2.32
464.32,11248,2.22
464.37,11250,2.15
464.42,11252,2.08
464.47,11254,2.12
464.52,11256,2.26
464.57,11258,2.05
464.62,11260,1.87
464.67,11262,1.89
464.72,11264,2.14
464.77,11266,2.18
464.82,11268,2.17
464.87,11270,2.1
464.92,11272,2.22
464.97,11274,2.1
465.02,11276,2.08
465.07,11278,2.01
465.12,11280,1.81
465.17,11283,1.89
465.22,11285,2.12
465.27,11287,2.1
465.32,11289,2.14
465.37,11291,2.33
465.42,11293,2.33
465.47,11295,2.51
465.52,11298,2.27
465.57,11301,2.28
465.62,11304,2.37
465.67,11307,2.42
465.72,11309,2.29
465.77,11312,2.21
465.82,11315,2.26
465.87,11318,2.19
465.92,11321,2.2
465.97,11324,2.26
466.02,11326,2.15
466.07,11329,2.25
466.12,11332,2.2
466.17,11335,2.22
466.22,11338,2.18
466.27,11340,2.21
466.32,11343,2.09
466.37,11346,2.2
466.42,11349,2.13
466.47,11352,2.23
466.52,11354,2.29
466.57,11357,2.16
466.62,11360,2.13
466.67,11363,2.24
466.72,11366,1.89
466.77,11368,1.69
466.82,11371,2
466.87,11374,2.14
466.92,11377,2.03
466.97,11380,2.13
467.02,11383,2.25
467.07,11385,1.98
467.12,11388,2.12
467.17,11391,2
467.22,11394,2.07
467.27,11397,2.06
467.32,11399,2.22
467.37,11402,2.29
467.42,11405,2.42
467.47,11408,2.31
467.52,11411,2.31
467.57,11413,2.24
467.62,11416,2.15
467.67,11419,2.17
467.72,11422,2.06
467.77,11425,2.05
467.82,11427,2.05
467.87,11430,1.97
467.92,11433,1.86
467.97,11436,2.02
468.02,11439,1.95
468.07,11442,2.15
468.12,11444,2.1
468.17,11447,2.03
468.22,11450,1.95
468.27,11453,2.14
468.32,11456,2.08
468.37,11458,2.41
468.42,11461,2.21
468.47,11464,2.07
468.52,11467,2.02
468.57,11470,2.23
468.62,11472,2.3
468.67,11475,2.07
468.72,11478,2.16
468.77,11481,2.02
468.82,11484,2.12
468.87,11486,2.07
468.92,11489,2.17
468.97,11492,2.33
469.02,11495,2.27
469.07,11498,2.11
469.12,11501,2.05
469.17,11503,2.21
469.22,11506,2.16
469.27,11509,2.14
469.32,11512,2.24
469.37,11515,2.24
469.42,11517,1.92
469.47,11520,2.19
469.52,11523,2.13
469.57,11526,2.25
469.62,11529,2.27
469.67,11531,2.26
469.72,11534,2.2
469.77,11537,2.22
469.82,11540,2.06
469.87,11543,2.05
469.92,11545,2.17
469.97,11548,2.13
470.02,11551,2.16
470.07,11554,2.1
470.12,11557,1.94
470.17,11560,1.87
470.22,11562,2.01
470.27,11565,2.14
470.32,11568,2.19
470.37,11571,2.37
470.42,11574,2.33
470.47,11576,2.35
470.52,11579,2.22
470.57,11582,1.97
470.62,11585,1.82
470.67,11588,2.08
470.72,11590,2.19
470.77,11593,2.13
470.82,11596,1.96
470.87,11599,2.11
470.92,11602,2.1
470.97,11604,2.07
471.02,11607,2.14
471.07,11610,1.95
471.12,11613,2.27
471.17,11616,2.35
471.22,11619,2.32
471.27,11621,2.28
471.32,11624,1.95
471.37,11627,2.04
471.42,11630,1.95
471.47,11633,2.06
471.52,11635,1.94
471.57,11638,2.07
471.62,11640,2.08
471.67,11642,1.82
471.72,11645,1.9
471.77,11647,2.06
471.82,11649,2.3
471.87,11651,2.34
471.92,11654,2.23
471.97,11656,2.2
472.02,11658,2.3
472.07,11660,2.12
472.12,11663,2.12
472.17,11665,2.17
472.22,11667,2.1
472.27,11669,2.25
472.32,11672,2.28
472.37,11674,2.4
472.42,11676,2.22
472.47,11678,2.29
472.52,11680,2.37
472.57,11683,2.43
472.62,11685,2.18
472.67,11687,2.33
472.72,11689,2.36
472.82,11694,1.96
472.87,11696,2.14
472.92,11698,2.06
473.02,11703,2.03
473.07,11705,2.09
473.12,11707,1.81
473.17,11710,2.18
473.22,11712,2.11
473.27,11714,2.08
473.32,11716,2.07
473.37,11719,1.99
473.42,11721,2.05
473.57,11727,2.15
473.62,11730,2.35
473.67,11732,2.23
473.72,11734,2.32
473.77,11736,2.32
473.82,11739,2.21
473.87,11741,2.32
473.92,11743,2.13
473.97,11745,2.19
474.02,11748,2.19
474.07,11750,2.09
474.12,11752,2.13
474.17,11754,2.13
474.22,11757,2.14
474.27,11759,2.09
474.42,11766,2.22
474.47,11768,2.16
474.52,11770,2.17
474.57,11772,2.18
474.62,11774,2.24
474.67,11777,2.09
474.72,11779,2.17
474.77,11781,2.1
474.82,11783,2.07
474.87,11786,2.1
474.92,11788,2.08
474.97,11790,2.05
475.02,11792,1.9
475.07,11795,2
475.12,11797,1.99
475.17,11799,1.92
475.22,11802,1.85
475.27,11804,2.02
475.32,11807,2.03
475.37,11810,2.09
475.47,11815,1.97
475.52,11817,2.2
475.57,11820,2.3
475.62,11823,2.03
475.67,11825,1.99
475.72,11828,2.26
475.77,11831,2.19
475.87,11836,1.98
475.92,11839,2.26
475.97,11841,2.3
476.03,11844,2.13
476.08,11847,2.04
476.13,11850,2.13
476.18,11852,2.06
476.23,11855,2.2
476.28,11858,2.04
476.33,11860,2.25
476.38,11863,2.04
476.43,11866,2.11
476.48,11868,2.06
476.53,11871,2.2
476.58,11874,2.22
476.63,11876,2.13
476.68,11879,2.17
476.73,11882,2.17
476.78,11884,2.28
476.83,11887,2.27
476.88,11889,2.34
476.93,11892,2.34
476.96,11894,2.3
477.01,11896,2.39
477.06,11899,2.41
477.11,11902,2.33
477.16,11904,2.37
477.21,11907,2.3
477.26,11910,2.19
477.31,11912,2.08
477.36,11915,2.2
477.41,11917,2.16
477.46,11920,2.24
477.51,11922,2.13
477.56,11924,2.17
477.61,11927,2.01
477.66,11929,2.03
477.71,11931,2.15
477.76,11934,2.16
477.81,11936,2.19
477.86,11938,2.44
477.91,11941,2.25
477.96,11943,2.38
478.01,11945,2.35
478.06,11948,2.44
478.11,11950,2.23
478.16,11952,2.23
478.21,11955,2.07
478.26,11957,2.14
478.31,11959,2.14
478.36,11962,2.22
478.41,11964,2.25
478.46,11966,2.36
478.51,11969,2.37
478.56,11971,2.42
478.61,11973,2.24
478.76,11980,2.26
478.81,11983,2
478.86,11985,2.15
478.91,11987,2.15
479.01,11992,2.04
479.06,11994,1.99
479.11,11997,1.94
479.16,11999,1.85
479.21,12001,1.8
479.26,12004,1.9
479.31,12006,1.91
479.36,12008,2.04
479.41,12010,2.07
479.46,12013,2.07
479.51,12015,1.99
479.56,12017,2.1
479.61,12019,2.14
479.66,12022,2.18
479.71,12024,2.22
479.76,12026,2.15
479.81,12028,2
479.86,12031,1.88
479.91,12033,2
479.96,12035,1.9
480.01,12038,2.01
480.06,12040,2.21
480.11,12042,2.05
480.16,12044,2.01
480.21,12047,2.07
480.26,12049,1.86
480.31,12051,2.02
480.36,12053,2.07
480.41,12056,2.23
480.46,12058,2.27
480.51,12060,2.31
480.56,12062,2.2
480.61,12065,2.07
480.66,12067,1.85
480.71,12069,1.97
480.76,12071,1.89
480.81,12074,1.92
480.86,12076,2.18
480.91,12078,1.91
480.96,12080,1.89
481.01,12083,2.08
481.06,12085,2.12
481.11,12087,2
481.16,12089,2.01
481.21,12092,1.84
481.26,12094,1.78
481.31,12096,1.83
481.36,12098,2.08
481.41,12101,2.14
481.46,12103,2.17
481.51,12105,2.14
481.56,12107,1.96
481.61,12110,1.93
481.66,12112,1.88
481.71,12114,1.83
481.76,12117,1.91
481.81,12120,2
481.87,12123,2.02
481.92,12125,2.07
481.97,12128,2.07
482.02,12130,2.09
482.07,12133,2.1
482.12,12135,2.13
482.17,12138,2.2
482.22,12141,2.16
482.27,12143,2.11
482.32,12146,2.19
482.37,12148,2.05
482.42,12151,1.98
482.47,12154,2.06
482.52,12156,2.11
482.57,12159,1.91
482.62,12161,1.94
482.67,12164,2
482.72,12166,1.89
482.77,12169,2.04
482.82,12172,2.31
482.87,12174,2.27
482.92,12177,2.21
482.94,12178,1.88
482.99,12180,1.97
483.04,12183,2.04
483.09,12185,2.07
483.14,12188,1.97
483.24,12193,2.1
483.29,12196,2.25
483.34,12198,2.25
483.39,12201,2.2
483.44,12203,2.18
483.49,12206,2.15
483.54,12209,2.07
483.59,12211,2.18
483.64,12214,2.13
483.69,12216,2.32
483.74,12219,2.17
483.79,12221,2.16
483.84,12224,2.2
483.89,12227,2.28
483.94,12229,2.12
483.99,12232,2
484.04,12234,2.03
484.09,12237,1.91
484.14,12240,1.78
484.19,12242,1.96
484.24,12245,1.93
484.29,12248,2.08
484.34,12251,2.19
484.39,12253,2.07
484.44,12256,2.31
484.49,12259,2.23
484.54,12262,2.23
484.59,12265,2.35
484.64,12267,2.14
484.69,12270,2.23
484.74,12273,2.16
484.79,12276,2.09
484.84,12279,2.15
484.89,12281,2.18
484.94,12284,1.91
484.99,12287,1.99
485.04,12290,1.87
485.09,12292,2.01
485.14,12295,1.97
485.19,12298,1.8
485.24,12301,1.92
485.29,12304,1.97
485.34,12306,1.81
485.39,12309,2.04
485.44,12312,1.85
485.49,12315,2.04
485.54,12318,1.91
485.59,12320,2.09
485.64,12323,2.11
485.69,12326,2.38
485.74,12329,2.24
485.79,12331,2.22
485.84,12334,2.14
485.89,12337,2.16
485.94,12340,2.08
485.99,12343,2.1
486.09,12348,1.89
486.14,12351,1.99
486.19,12354,1.99
486.24,12357,2.05
486.29,12359,1.95
486.34,12362,1.86
486.39,12365,2.01
486.44,12368,1.98
486.49,12371,2.09
486.54,12374,2.09
486.59,12377,1.99
486.64,12380,2.21
486.69,12383,2.29
486.74,12386,2.3
486.79,12389,2.27
486.84,12392,2.37
486.89,12395,2.3
486.94,12398,2.19
486.99,12401,2.27
487.04,12404,2.16
487.09,12407,2.08
487.14,12410,2.06
487.19,12413,2.12
487.24,12416,2.07
487.29,12419,2.3
487.34,12422,2.22
487.44,12428,2.08
487.49,12431,2.07
487.54,12434,2.05
487.59,12437,1.88
487.64,12440,2.21
487.69,12442,2.16
487.74,12444,2.23
487.79,12446,2.15
487.84,12448,2.21
487.89,12450,2.07
487.94,12452,2.15
487.99,12454,2.09
488.04,12456,2.21
488.09,12458,2.22
488.14,12460,2.32
488.19,12462,2.31
488.24,12464,2.24
488.29,12466,2.06
488.34,12468,2.12
488.39,12470,2.06
488.44,12472,2.09
488.49,12474,2.07
488.54,12476,2.06
488.59,12478,1.92
488.64,12480,2.09
488.69,12482,1.89
488.74,12484,1.93
488.79,12486,1.84
488.84,12488,2.07
488.89,12490,2.23
488.94,12492,2.18
488.99,12494,2.17
489.04,12496,2.07
489.09,12498,2.17
489.14,12500,2.2
489.19,12502,2.08
489.24,12504,1.99
489.29,12506,2.25
489.34,12508,2.21
489.39,12510,2.21
489.44,12512,2.18
489.49,12514,2.23
489.54,12516,2.16
489.59,12518,2.19
489.64,12520,2.2
489.69,12522,2.22
489.74,12524,2.29
489.79,12526,2.23
489.84,12528,2.18
489.89,12530,2.18
489.94,12532,2.1
489.99,12534,2.1
490.04,12536,2.1
490.09,12538,2.09
490.14,12540,2.1
490.19,12542,2.13
490.24,12544,2.3
490.29,12546,2.21
490.34,12548,2.23
490.39,12550,2.21
490.46,12552,2.08
490.51,12554,2.28
490.57,12557,2.29
490.62,12559,2.32
490.67,12561,2.08
490.72,12563,2.2
490.77,12565,2.17
490.82,12567,2.09
490.87,12569,2.3
490.92,12571,2.23
490.97,12573,2.12
491.02,12575,2.18
491.07,12577,2.07
491.12,12579,2.01
491.17,12581,2.35
491.22,12583,2.07
491.27,12585,2.06
491.32,12587,1.98
491.37,12589,2.06
491.42,12591,2.01
491.47,12593,2.24
491.49,12594,2.3
491.54,12596,2.17
491.59,12598,2.15
491.64,12600,2.08
491.69,12602,2.07
491.74,12604,2.18
491.79,12606,2.23
491.84,12608,2.08
491.89,12610,2.1
491.94,12612,2.12
491.99,12614,2.15
492.04,12616,2.18
492.09,12618,2.12
492.14,12620,2.21
492.19,12622,2.25
492.24,12624,2.18
492.29,12626,2.16
492.34,12628,2.21
492.39,12630,2.05
492.44,12632,2.26
492.49,12634,2.14
492.54,12636,1.98
492.59,12638,2.05
492.64,12640,2.29
492.69,12642,2.22
492.74,12644,2.22
492.79,12646,2.05
492.84,12648,2.12
492.89,12650,2.23
492.94,12652,2.15
492.99,12654,2.03
493.04,12656,2.1
493.09,12658,2.12
493.14,12660,2.01
493.19,12662,1.73
493.34,12668,2.12
493.39,12670,2.19
493.44,12672,2.2
493.49,12674,2.26
493.54,12676,2.32
493.59,12678,2.25
493.64,12680,2.24
493.69,12682,2.03
493.74,12684,2.15
493.79,12686,2.07
493.84,12688,2.302
493.89,12690,2.31
493.94,12692,2.388
493.99,12694,2.236
494.04,12696,2.131
494.09,12698,2.153
494.14,12700,2.258
494.19,12702,2.171
494.24,12704,2.147
494.29,12706,2.144
494.44,12712,2.159
494.49,12714,2.14
494.54,12716,2.314
494.59,12718,2.209
494.64,12720,2.217
494.69,12722,2.135
494.74,12724,2.296
494.79,12726,2.19
494.84,12728,2.192
494.89,12730,2.113
494.94,12732,2.225
494.99,12734,2.231
495.04,12736,2.151
495.09,12738,2.331
495.14,12740,2.115
495.19,12742,2.068
495.24,12744,2.08
495.29,12746,2.101
495.34,12748,2.074
495.39,12750,2.068
495.44,12751,2.128
495.49,12753,1.89
495.54,12755,2.067
495.59,12757,2.001
495.64,12759,2.038
495.69,12761,2.046
495.74,12763,2.078
495.79,12765,2.031
495.84,12767,2.101
495.89,12769,2.019
495.94,12771,2.047
495.99,12773,2.069
496.04,12775,2.182
496.09,12777,2.141
496.14,12779,2.277
496.19,12781,2.293
496.24,12783,2.36
496.29,12785,2.235
496.34,12787,2.339
496.39,12789,2.164
496.44,12791,2.307
496.49,12793,2.3
496.54,12795,2.182
496.59,12797,2.212
496.64,12799,2.1
496.69,12801,2.102
496.74,12803,1.98
496.79,12805,1.811
496.84,12807,1.919
496.89,12809,2.042
496.94,12811,1.946
496.99,12813,1.981
497.04,12815,2.104
497.09,12817,2.227
497.14,12819,2.361
497.19,12821,2.368
497.24,12823,2.232
497.29,12825,2.197
497.34,12827,2.15
497.39,12829,2.189
497.44,12831,2.139
497.49,12833,2.152
497.54,12835,2.147
497.59,12837,2.198
497.64,12839,2.225
497.69,12841,2.075
497.74,12843,2.073
497.79,12845,2.027
497.84,12847,2.082
497.94,12851,2.063
497.99,12853,2.035
498.04,12855,2.048
498.09,12857,1.966
498.14,12859,1.993
498.19,12861,2.078
498.24,12863,2.044
498.31,12866,2.078
498.36,12868,2.102
498.41,12870,2.303
498.46,12872,1.992
498.51,12874,2.173
498.56,12876,2.122
498.61,12878,1.937